passcode,passcode_for,program_id,is_instructor,is_deactivated,package_id,is_distributed
EYKSHP,supersite,21,0,0,37,0
XHUFEZ,supersite,21,0,0,37,0
NTSBVD,supersite,21,0,0,37,0
NRKXPV,supersite,21,0,0,37,0
XTFHUN,supersite,21,0,0,37,0
ERUMWY,websam,21,0,0,38,0
SDBZFW,websam,21,0,0,38,0
EHNKBU,websam,21,0,0,38,0
HZATYK,websam,21,0,0,38,0
NSKHDB,websam,21,0,0,38,0
XYDZAV,supersite_websam,21,0,0,39,0
XKDWFH,supersite_websam,21,0,0,39,0
APBSDE,supersite_websam,21,0,0,39,0
PRANZX,supersite_websam,21,0,0,39,0
KUNVDR,supersite_websam,21,0,0,39,0
KDYVUX,supersite,20,1,0,110,0
PNVHBS,supersite,20,1,0,110,0
HRAXBN,supersite,20,1,0,110,0
SEBVYA,supersite,20,1,0,110,0
VEFRAS,supersite,20,1,0,110,0
UEZDPR,supersite,20,1,0,110,0
PDBSAR,supersite,20,1,0,110,0
XRWEAM,supersite,20,1,0,110,0
BXMAVH,supersite,20,1,0,110,0
WDAHNT,supersite,20,1,0,110,0
HKYBSW,supersite,20,1,0,110,0
STRWKF,supersite,20,1,0,110,0
RMZUHA,supersite,20,1,0,110,0
NTEDVU,supersite,20,1,0,110,0
PSEYAB,supersite,20,1,0,110,0
WYRAKD,supersite,20,1,0,110,0
VZDNWE,supersite,20,1,0,110,0
EZSXWR,supersite,20,1,0,110,0
HVSBFM,supersite,20,1,0,110,0
ZKHABN,supersite,20,1,0,110,0
XWZYHS,supersite,21,1,0,108,0
ZHTVEK,supersite,21,1,0,108,0
TKNPWZ,supersite,21,1,0,108,0
MTNDPX,supersite,21,1,0,108,0
EVNRHS,supersite,21,1,0,108,0
RBNADH,supersite,21,1,0,108,0
HRZETB,supersite,21,1,0,108,0
BAMHVK,supersite,21,1,0,108,0
KZAEBN,supersite,21,1,0,108,0
VHDPUR,supersite,21,1,0,108,0
ZTVXPW,supersite,21,1,0,108,0
SPXAYZ,supersite,21,1,0,108,0
DMZHAS,supersite,21,1,0,108,0
TMVKDB,supersite,21,1,0,108,0
BVEAPX,supersite,21,1,0,108,0
USZTMA,supersite,21,1,0,108,0
TFWKXP,supersite,21,1,0,108,0
ZSYRUX,supersite,21,1,0,108,0
WDBXYA,supersite,21,1,0,108,0
YPSHFU,supersite,21,1,0,108,0
TREFVH,supersite,10,1,0,109,0
NRKXFP,supersite,10,1,0,109,0
WDBZKE,supersite,10,1,0,109,0
MZYHSF,supersite,10,1,0,109,0
WTRVEK,supersite,10,1,0,109,0
VEXAPW,supersite,10,1,0,109,0
KAYXNZ,supersite,10,1,0,109,0
REWFZS,supersite,10,1,0,109,0
ETKHPD,supersite,10,1,0,109,0
YFNTBR,supersite,10,1,0,109,0
NKMWBZ,supersite,16,1,0,106,0
MKXRZW,supersite,16,1,0,106,0
HXDWZN,supersite,16,1,0,106,0
VRMDNE,supersite,16,1,0,106,0
ZAYDBE,supersite,16,1,0,106,0
XVZWSF,supersite,16,1,0,106,0
DRUFKS,supersite,16,1,0,106,0
SHBUYV,supersite,16,1,0,106,0
TPYHWK,supersite,16,1,0,106,0
DYRMTZ,supersite,16,1,0,106,0
HDMWNR,supersite,46,0,0,177,0
KWDRXM,supersite,46,0,0,177,0
SABRKF,supersite,46,0,0,177,0
EKVHSR,supersite,46,0,0,189,0
VUNSDX,supersite,46,0,0,189,0
DYFNPT,supersite,46,0,0,189,0
ASMKPN,supersite,20,0,0,32,0
WYXATR,supersite,20,0,0,32,0
EFDUWP,supersite,20,0,0,32,0
SNMKDH,supersite,20,0,0,32,0
HFSEUW,supersite,20,0,0,32,0
WNKZHV,supersite,20,0,0,32,0
ZFYUSV,supersite,20,0,0,32,0
BVHKDP,supersite,20,0,0,32,0
TNUZYP,supersite,20,0,0,32,0
DYWUMP,supersite,20,0,0,32,0
AYMDXV,supersite,20,0,0,32,0
ZPSDKH,supersite,20,0,0,32,0
TUENPV,supersite,20,0,0,32,0
KNDFUR,supersite,20,0,0,32,0
DZTNFU,supersite,21,0,0,37,0
KPTZMR,supersite,21,0,0,37,0
SRVAUK,supersite,21,0,0,37,0
YWNRBT,supersite,21,0,0,37,0
AFRKVM,supersite,21,0,0,37,0
DANTES,supersite,21,0,0,37,0
WUEXTH,supersite,21,0,0,37,0
PUZFRD,supersite,21,0,0,37,0
URSYWF,supersite,21,0,0,37,0
YAPVEU,supersite,21,0,0,37,0
KNVEPB,supersite,21,0,0,37,0
HVRSUP,supersite,21,0,0,37,0
KARWTB,supersite,21,0,0,37,0
ZBTUSN,supersite,21,0,0,37,0
BVPHFZ,supersite,21,0,0,37,0
DXUEBF,supersite,21,0,0,37,0
ZEBHST,supersite,21,0,0,37,0
RPVMYW,supersite,21,0,0,37,0
YPNZMA,supersite,21,0,0,37,0
NRYPMK,supersite,21,0,0,37,0
FUVWEH,websam,20,0,0,33,0
UNVBTX,websam,20,0,0,33,0
KDBNAZ,websam,20,0,0,33,0
KVETSB,websam,20,0,0,33,0
WAVEFR,websam,20,0,0,33,0
VXSHPU,websam,20,0,0,33,0
SDFTWV,websam,20,0,0,33,0
PSBXFR,websam,20,0,0,33,0
UZSFTR,websam,20,0,0,33,0
ARYUTN,websam,20,0,0,33,0
WRUSTE,websam,20,0,0,33,0
NVYUSM,websam,20,0,0,33,0
AWTDMS,websam,20,0,0,33,0
TAYNXU,websam,20,0,0,33,0
BYFKEX,websam,20,0,0,33,0
EMUFBS,websam,20,0,0,33,0
YEPTSD,websam,20,0,0,33,0
RNDBVS,websam,20,0,0,33,0
URAKPS,websam,20,0,0,33,0
KBFTDN,websam,20,0,0,33,0
SMYXWF,websam,21,0,0,38,0
BNPTKH,websam,21,0,0,38,0
VUXKSW,websam,21,0,0,38,0
RZVDFU,websam,21,0,0,38,0
RPASFE,websam,21,0,0,38,0
NUXRSE,websam,21,0,0,38,0
AEYFXN,websam,21,0,0,38,0
UZXFYP,websam,21,0,0,38,0
ANUMXT,websam,21,0,0,38,0
AZWYVK,websam,21,0,0,38,0
EWPSMY,websam,21,0,0,38,0
WSNKRU,websam,21,0,0,38,0
DRFMHT,websam,21,0,0,38,0
VZHAEN,websam,21,0,0,38,0
ERFNUD,websam,21,0,0,38,0
DUHYZW,websam,21,0,0,38,0
VPDHEM,websam,21,0,0,38,0
NPKUVA,websam,21,0,0,38,0
BURHKP,websam,21,0,0,38,0
ASTHKY,websam,21,0,0,38,0
KNMWPZ,supersite_websam_vtext,20,0,0,36,0
TBREKD,supersite_websam_vtext,20,0,0,36,0
ZXFTWM,supersite_websam_vtext,20,0,0,36,0
DSTUKE,supersite_websam_vtext,20,0,0,36,0
ZMSXBV,supersite_websam_vtext,20,0,0,36,0
TNEVWU,supersite_websam_vtext,20,0,0,36,0
YWRDAH,supersite_websam_vtext,20,0,0,36,0
KBXZAR,supersite_websam_vtext,20,0,0,36,0
FZEWDM,supersite_websam_vtext,20,0,0,36,0
BUVWHM,supersite_websam_vtext,20,0,0,36,0
AVUZHY,supersite_websam_vtext,20,0,0,36,0
PSHMDU,supersite_websam_vtext,20,0,0,36,0
BKMWSH,supersite_websam_vtext,20,0,0,36,0
MXKNRZ,supersite_websam_vtext,20,0,0,36,0
SXYUMB,supersite_websam_vtext,20,0,0,36,0
TZVEBU,supersite_websam_vtext,20,0,0,36,0
SXFWAZ,supersite_websam_vtext,20,0,0,36,0
RTEPWN,supersite_websam_vtext,20,0,0,36,0
DRYWVB,supersite_websam_vtext,20,0,0,36,0
ETYDUB,supersite_websam_vtext,20,0,0,36,0
FBUDPT,supersite_websam_vtext,21,0,0,41,0
WVSATX,supersite_websam_vtext,21,0,0,41,0
EVDZKU,supersite_websam_vtext,21,0,0,41,0
FUTSEK,supersite_websam_vtext,21,0,0,41,0
BARDYH,supersite_websam_vtext,21,0,0,41,0
TWZDSA,supersite_websam_vtext,21,0,0,41,0
FAVRHZ,supersite_websam_vtext,21,0,0,41,0
EWDKAU,supersite_websam_vtext,21,0,0,41,0
MTVHZP,supersite_websam_vtext,21,0,0,41,0
ZFXBEV,supersite_websam_vtext,21,0,0,41,0
YMHTXZ,supersite_websam_vtext,21,0,0,41,0
KVAREY,supersite_websam_vtext,21,0,0,41,0
UKMVBD,supersite_websam_vtext,21,0,0,41,0
HYUNDA,supersite_websam_vtext,21,0,0,41,0
XFSBNP,supersite_websam_vtext,21,0,0,41,0
BXMKDA,supersite_websam_vtext,21,0,0,41,0
XZSDMP,supersite_websam_vtext,21,0,0,41,0
FSKUPB,supersite_websam_vtext,21,0,0,41,0
NMBFPZ,supersite_websam_vtext,21,0,0,41,0
HTPFUA,supersite_websam_vtext,21,0,0,41,0
KZBVUA,supersite,10,0,0,14,0
RDHXKS,supersite,10,0,0,14,0
FHXEDY,supersite,10,0,0,14,0
EMRKBH,supersite,10,0,0,14,0
ATZEHK,supersite,10,0,0,14,0
NHKUTA,supersite,10,0,0,14,0
HEWKZF,supersite,10,0,0,14,0
XRFHEY,supersite,10,0,0,14,0
FXPAEN,supersite,10,0,0,14,0
ZASYNR,supersite,10,0,0,14,0
YTSDHB,supersite,15,0,0,21,0
URMNSP,supersite,15,0,0,21,0
ZBTDFP,supersite,15,0,0,21,0
TRHSZV,supersite,15,0,0,21,0
WMEYAU,supersite,15,0,0,21,0
XUZKTR,supersite,15,0,0,21,0
UZWTNX,supersite,15,0,0,21,0
TBZADY,supersite,15,0,0,21,0
ATNRHY,supersite,15,0,0,21,0
MPNETA,supersite,15,0,0,21,0
HXRESA,supersite,20,0,0,32,0
RMUBSH,supersite,20,0,0,32,0
KHXBMA,supersite,20,0,0,32,0
EKHRTV,supersite,20,0,0,32,0
WZDBVT,supersite,20,0,0,32,0
NHABWT,supersite,20,0,0,32,0
TAZDME,supersite,20,0,0,32,0
NPDHMY,supersite,20,0,0,32,0
UBTSPR,supersite,20,0,0,32,0
ZPSWXR,supersite,20,0,0,32,0
MBPUAK,supersite,21,0,0,37,0
USRDTW,supersite,21,0,0,37,0
MDAZRE,supersite,21,0,0,37,0
DEWYVK,supersite,21,0,0,37,0
RYTADX,supersite,21,0,0,37,0
AZYSTD,supersite,21,0,0,37,0
TDZEKF,supersite,21,0,0,37,0
ESVPUM,supersite,21,0,0,37,0
TNZAER,supersite,21,0,0,37,0
FTVRWM,supersite,21,0,0,37,0
YFZTBM,supersite_vtext,20,0,0,35,0
ZYREFB,supersite_vtext,20,0,0,35,0
WYEKNP,supersite_vtext,20,0,0,35,0
MZFTEK,supersite_vtext,20,0,0,35,0
KZABND,supersite_vtext,20,0,0,35,0
BUDZRA,supersite_vtext,20,0,0,35,0
EBXSUY,supersite_vtext,20,0,0,35,0
RMZVBT,supersite_vtext,20,0,0,35,0
HVURFE,supersite_vtext,20,0,0,35,0
WHSDZT,supersite_vtext,20,0,0,35,0
XVYWRE,supersite_vtext,21,0,0,40,0
REAZSF,supersite_vtext,21,0,0,40,0
NFWBTS,supersite_vtext,21,0,0,40,0
FDBSTV,supersite_vtext,21,0,0,40,0
WZDTRF,supersite_vtext,21,0,0,40,0
WZPXRY,supersite_vtext,21,0,0,40,0
ZFTEVU,supersite_vtext,21,0,0,40,0
KUZTAE,supersite_vtext,21,0,0,40,0
NHPEFM,supersite_vtext,21,0,0,40,0
TAXNUS,supersite_vtext,21,0,0,40,0
TXNUSA,supersite_vtext,21,0,0,40,0
TXNUSA,supersite_vtext,20,0,0,35,0
XTFHUA,supersite_websam_vtext,21,0,0,41,0
XTFHUA,supersite,21,0,0,37,0
XTFHUA,supersite,21,0,0,38,0
SHKERD,supersite,46,1,0,176,0
