target_word,target_definition,base_word,vocab_tags_attributes
apoderarse,tomar posesión o control de una cosa o de una situación,to take control ,Tema 1;Contexto 1;verbo;familia;comunidad;educación;deporte
aquejar,"causar daño o sufrimiento físico, emocional o moral","to cause harm, to afflict",Tema 1;Contexto 1;verbo;familia;comunidad;educación;deporte
constatar,confirmar,to confirm,Tema 1;Contexto 1;verbo;familia;comunidad;educación;deporte
la sede,lugar donde una entidad tiene su domicilio,headquarters,Tema 1;Contexto 1;sustantivo;familia;comunidad;educación;fundación;deporte
sostenerse,mantenerse firme; resistir,to remain standing,Tema 1;Contexto 1;verbo;familia;comunidad;educación
la informática,conjunto de conocimientos científicos relacionados con las computadoras,computer science,Tema 1;Contexto 1;sustantivo;familia;comunidad;educación;computador;profesión
el magisterio,la enseñanza; el conjunto de los maestros,teaching; faculty; the teaching profession,Tema 1;Contexto 1;sustantivo;familia;comunidad;educación;maestro;profesión
mermado/a,"disminuido, reducido","reduced, diminished",Tema 1;Contexto 1;adjetivo;familia;comunidad;educación
trasladar,mover o transferir de un uso o lugar a otro,"to move, to transfer",Tema 1;Contexto 1;verbo;familia;comunidad;educación
encarnar,tomar forma corporal; personificar,"to personify, to incarnate",Tema 1;Contexto 1;verbo;familia;comunidad;educación
enarbolar,"levantar, elevar (especialmente una bandera o una causa)","to hoist, to raise",Tema 1;Contexto 1;verbo;familia;comunidad;educación;solución;campaña
satanizar,representar como diabólico o maligno,to demonize,Tema 1;Contexto 1;verbo;familia;comunidad;educación
la rentabilidad,el beneficio económico,profitability,Tema 1;Contexto 1;sustantivo;familia;comunidad;educación;economía
la chabola,una casa pequeña y de pésima calidad,shack,Tema 1;Contexto 1;sustantivo;familia;comunidad;educación;economía
vitalicio/a,que dura toda la vida,"lifelong, perpetual",Tema 1;Contexto 1;adjetivo;familia;comunidad;educación
el reclamo,demanda o petición,"demand, complaint",Tema 1;Contexto 1;sustantivo;familia;comunidad;educación;desafío;campaña;solución
perecer,"morir, sucumbir","to die, to perish",Tema 1;Contexto 1;verbo;familia;comunidad;educación
concertarse,"estar de acuerdo, armonizar","to agree, to harmonize",Tema 1;Contexto 1;audio;verbo;familia;comunidad;educación;música;valores
sembrar,cultivar; dar motivo o principio a algo,to sow; to inspire,Tema 1;Contexto 1;audio;verbo;familia;comunidad;educación;tocar;orquesta;música;valores
empresa,acción difícil que requiere decisión y esfuerzo para lograrse,"enterprise, endeavour",Tema 1;Contexto 1;audio;sustantivo;familia;comunidad;educación;orquesta;música;valores
generar,"crear algo, producir, engendrar","to produce, to create",Tema 1;Contexto 1;audio;verbo;familia;comunidad;educación;orquesta;música;valores
avasallador(a),que domina o se impone,overwhelming,Tema 1;Contexto 2;adjetivo;familia;comunidad;redes sociales;Internet;Facebook
el interrogante,"duda, pregunta; problema no aclarado",question,Tema 1;Contexto 2;sustantivo;familia;comunidad;redes sociales;Internet;Facebook
el engaño,"mentira, falsedad","trick, hoax, lie",Tema 1;Contexto 2;sustantivo;familia;comunidad;redes sociales;Internet;Facebook
trinar,publicar un comentario en Twitter,to tweet,Tema 1;Contexto 2;verbo;familia;comunidad;redes sociales;Internet;Facebook
el/la aliado/a ,una entidad (persona o país) que se une con otra para alcanzar objetivos comunes,ally,Tema 1;Contexto 2;sustantivo;familia;comunidad;redes sociales;Internet;Facebook
el perfil,rasgos y datos personales que se registran en una cuenta,profile,Tema 1;Contexto 2;sustantivo;familia;comunidad;redes sociales;Internet;Facebook
rastrear,seguir el rastro o las huellas; vigilar,"to track, to watch",Tema 1;Contexto 2;verbo;familia;comunidad;redes sociales;Internet;Facebook
el dispositivo,aparato o mecanismo que tiene una función específica,device,Tema 1;Contexto 2;sustantivo;familia;comunidad;redes sociales;Internet;Facebook;
el/la ermitaño/a,"persona que prefiere vivir en soledad, apartada de la sociedad",hermit,Tema 1;Contexto 2;sustantivo;familia;comunidad;redes sociales;Internet;Facebook
el/la internauta,usuario/a de Internet,internet user,Tema 1;Contexto 2;sustantivo;familia;comunidad;redes sociales;Internet;Facebook;Centroamérica
recopilar,"recoger, reunir, especialmente información o datos","to compile, to gather",Tema 1;Contexto 2;verbo;familia;comunidad;redes sociales;Internet;Facebook;Centroamérica
destacar,sobresalir; ser notable o extraordinario,to stand out,Tema 1;Contexto 2;verbo;familia;comunidad;redes sociales;Internet;Facebook;Centroamérica
el istmo,área estrecha de tierra que conecta un continente con otro,isthmus,Tema 1;Contexto 2;sustantivo;familia;comunidad;redes sociales;Internet;Facebook;Centroamérica
sumamente,en gran medida,extremely,Tema 1;Contexto 2;adverbio;familia;comunidad;redes sociales;Internet;Facebook;Centroamérica
el/la chaval(a),niño/a o joven,(informal) kid,Tema 1;Contexto 2;sustantivo;audio;familia;comunidad;redes sociales;jóvenes
abrir el terreno,"compartir, confiar",to open up,Tema 1;Contexto 2;verbo;audio;familia;comunidad;redes sociales;jóvenes
el entrenamiento,"práctica, preparación organizada individual o en equipo","training, practice",Tema 1;Contexto 1;sustantivo;familia;comunidad;educación;deporte;fundación
penal,perteneciente a las leyes destinadas a perseguir  crímenes o delitos,"criminal,  penitentiary ",Tema 1;Contexto 2;adjetivo;audio;familia;comunidad;redes sociales;jóvenes
el acoso,"molestia, persecución y maltrato hacia una persona",harassment,Tema 1;Contexto 2;sustantivo;audio;familia;comunidad;redes sociales;jóvenes
la herramienta,"instrumento, elemento útil",tool,Tema 1;Contexto 2;sustantivo;audio;familia;comunidad;redes sociales;jóvenes
el asombro,gran admiración; sorpresa o extrañeza,"surprise, astonishment",Tema 1;Contexto 3;sustantivo;familia;comunidad;geografía humana;Atitlán
atomizar,"desintegrar, dividir en muchas partes pequeñas","to atomize, to break up",Tema 1;Contexto 3;verbo;familia;comunidad;geografía humana;Atitlán
indagar,"preguntar, averiguar","to inquire, to investigate",Tema 1;Contexto 3;verbo;familia;comunidad;geografía humana;Atitlán
la precipitación,rapidez,"hurry, rush; (con precipitación)hurriedly",Tema 1;Contexto 3;sustantivo;familia;comunidad;geografía humana;Atitlán
sumir,"insertar, hundir",to sink; (sumido) immersed,Tema 1;Contexto 3;verbo;familia;comunidad;geografía humana;Atitlán
el ámbito,área o medio específico,"sphere, setting, environment",Tema 1;Contexto 3;sustantivo;familia;comunidad;geografía humana;Atitlán
consagrar,dedicar la atención a un asunto,"to dedicate, to devote",Tema 1;Contexto 3;verbo;familia;comunidad;geografía humana;Atitlán
la lancha,"embarcación pequeña, usualmente con motor",boat,Tema 1;Contexto 3;sustantivo;familia;comunidad;geografía humana;Atitlán
sacar provecho (de),beneficiarse (de),to profit (from),Tema 1;Contexto 3;verbo;familia;comunidad;geografía humana;Atitlán
la coyuntura,conjunto de circunstancias u oportunidades,"situation, circumstances",Tema 1;Contexto 3;sustantivo;familia;comunidad;geografía humana;Atitlán
la parcela,porción pequeña de tierra,smallholding,Tema 1;Contexto 3;sustantivo;familia;comunidad;geografía humana;Atitlán
lamentarse,expresar pena o tristeza por alguna cosa,"to regret, to be sorry about",Tema 1;Contexto 3;verbo;familia;comunidad;geografía humana;Atitlán
el/la santiaguino/a,persona originaria de Santiago (de Chile),from Santiago (de Chile),Tema 1;Contexto 3;sustantivo;familia;comunidad;geografía humana;cultura;mall
vinculado/a,unido o relacionado con otra cosa,"linked, connected",Tema 1;Contexto 3;adjetivo;familia;comunidad;geografía humana;cultura;mall
dispararse,aumentar; popularizarse con mucha rapidez,"to shoot up, to go off",Tema 1;Contexto 3;verbo;familia;comunidad;geografía humana;cultura;mall
la etapa,época o paso en un proceso,"stage, phase",Tema 1;Contexto 3;sustantivo;familia;comunidad;geografía humana;cultura;mall
el residuo,"resto, basura, remanente","waste, garbage",Tema 1;Contexto 3;audio;sustantivo;familia;comunidad;geografía humana;basura
gestionar,"manejar, dirigir, organizar",to manage,Tema 1;Contexto 3;audio;verbo;familia;comunidad;geografía humana;basura
la tasa,"valoración, medida, relación entre dos magnitudes",rate,Tema 1;Contexto 3;audio;sustantivo;familia;comunidad;geografía humana;basura
la generación,"producción, creación",production ,Tema 1;Contexto 3;audio;sustantivo;familia;comunidad;geografía humana;basura
la medida,acción preventiva; plan o decisión para mejorar o evitar algo,measure (regulation),Tema 1;Contexto 3;audio;sustantivo;familia;comunidad;geografía humana;basura
el sector informal,"negocios a escala pequeña, individual o privada",the informal sector,Tema 1;Contexto 3;audio;sustantivo;familia;comunidad;geografía humana;basura
inculcar,"infundir, transmitir (ideas, valores)",to instill,Tema 1;Contexto 4;verbo;familia;comunidad;tradiciones;valores;niño
menudo/a,"pequeño/a, fino/a","thin, slight (person)",Tema 1;Contexto 4;adjetivo;familia;comunidad;tradiciones;valores;niño
ensombrecerse,"entristecerse, apagarse",to darken,Tema 1;Contexto 4;verbo;familia;comunidad;tradiciones;valores;niño
sombrío/a,melancólico/a,"cheerless, gloomy",Tema 1;Contexto 4;adjetivo;familia;comunidad;tradiciones;valores;niño
tutear,"tratar de «tú» a alguien, en lugar de usar la forma «usted»",to address as tú,Tema 1;Contexto 4;verbo;familia;comunidad;tradiciones;valores;niño
empeñarse (en),"intentar obstinadamente, hacer un esfuerzo para lograr algo",to insist or persist,Tema 1;Contexto 4;verbo;familia;comunidad;tradiciones;valores;niño
desequilibrarse,perder la calma,to become mentally disturbed,Tema 1;Contexto 4;verbo;familia;comunidad;tradiciones;valores;niño
el capricho,deseo pasajero y extravagante,whim,Tema 1;Contexto 4;sustantivo;familia;comunidad;tradiciones;valores;niño
la compostura,comportamiento digno y adecuado,"composure, self-control",Tema 1;Contexto 4;sustantivo;familia;comunidad;tradiciones;valores;niño
desconcertar,"confundir, desorientar (a alguien)",to disconcert,Tema 1;Contexto 4;verbo;familia;comunidad;tradiciones;valores;niño
incongruente,"incoherente, ilógico","nonsensical, incoherent",Tema 1;Contexto 4;adjetivo;familia;comunidad;tradiciones;valores;niño
fastidiado/a,"molesto/a, incómodo/a","fed-up, bored",Tema 1;Contexto 4;adjetivo;familia;comunidad;tradiciones;valores;niño
el/la gestor(a),persona que promueve o impulsa objetivos específicos,manager,Tema 1;Contexto 4;sustantivo;familia;comunidad;tradición;tradiciones;valores;artesanías
el casco urbano,área o zona central de una ciudad (lo contrario de la zona rural),urban area,Tema 1;Contexto 4;sustantivo;familia;comunidad;tradición;tradiciones;valores;artesanías
la superación,acción de vencer obstáculos y derrotar los límites,self-improvement,Tema 1;Contexto 4;sustantivo;familia;comunidad;tradición;tradiciones;valores;artesanías
el rescate,acción de rescatar o recuperar,"recovery, rescue",Tema 1;Contexto 4;sustantivo;familia;comunidad;tradición;tradiciones;valores;artesanías
la índole,característica o naturaleza de una cosa,"nature, type",Tema 1;Contexto 4;sustantivo;familia;comunidad;tradición;tradiciones;valores;artesanías
la talabartería,arte de trabajar artículos de cuero,leather working,Tema 1;Contexto 4;sustantivo;familia;comunidad;tradición;tradiciones;valores;artesanías
la orfebrería,arte de trabajar artículos de metal (especialmente oro y plata),goldsmithing; silversmithing,Tema 1;Contexto 4;sustantivo;familia;comunidad;tradición;tradiciones;valores;artesanías
tallar,"dar forma, especialmente en el oficio de la escultura",to sculpt or carve,Tema 1;Contexto 4;verbo;familia;comunidad;tradición;tradiciones;valores;artesanías
la creencia,fe (credo) o convicción,belief,Tema 1;Contexto 4;audio;sustantivo;familia;comunidad;tradiciones;valores;cultura;garífuna
la etnia,"grupo étnico, pueblo",ethnic group,Tema 1;Contexto 4;audio;sustantivo;familia;comunidad;tradiciones;valores;cultura;garífuna
compuesto/a (de),"conformado (por), hecho (de)","consisting of, made up of",Tema 1;Contexto 4;audio;adjetivo;familia;comunidad;tradiciones;valores;cultura;garífuna
fusionar,"integrar, unir",to merge,Tema 1;Contexto 4;audio;verbo;familia;comunidad;tradiciones;valores;cultura;garífuna
el legado,"herencia, lo que una generación deja para las siguientes",legacy,Tema 1;Contexto 4;audio;sustantivo;familia;comunidad;tradiciones;valores;cultura;garífuna
el banquito,banco o silla pequeña,stool,Tema 1;Cinemateca;sustantivo;familia;comunidad;ella o yo
la mamadera,"biberón, botella",feeding bottle,Tema 1;Cinemateca;sustantivo;familia;comunidad;ella o yo
la plata,el dinero (en Argentina),money,Tema 1;Cinemateca;sustantivo;familia;comunidad;ella o yo
el bicho,animal (informal),"animal (literally, a bug), creature",Tema 1;Cinemateca;sustantivo;familia;comunidad;ella o yo
con todas las letras,con claridad,clearly,Tema 1;Cinemateca;adverbio;familia;comunidad;ella o yo
hacerse cargo (de),hacerse responsable,to take charge (of),Tema 1;Cinemateca;verbo;familia;comunidad;ella o yo
cifrar,"calcular, estimar","to calculate, to estimate",Tema 2;Contexto 1;verbo;ciencia;tecnología;sociedad;móvil;nomofobia
aquejado/a,que sufre de una enfermedad,suffering (from),Tema 2;Contexto 1;adjetivo;ciencia;tecnología;sociedad;móvil;nomofobia;enfermedad
el cuadro,conjunto de síntomas de una enfermedad,symptoms ,Tema 2;Contexto 1;sustantivo;ciencia;tecnología;sociedad;móvil;nomofobia;enfermedad
el síndrome de abstinencia,reacciones negativas que sufre una persona adicta cuando deja temporalmente su adicción,withdrawal symptoms,Tema 2;Contexto 1;sustantivo;ciencia;tecnología;sociedad;móvil;nomofobia;enfermedad
difuminado/a,que ha perdido claridad o límites,blurred,Tema 2;Contexto 1;adjetivo;ciencia;tecnología;sociedad;móvil;nomofobia
el enganche,"adicción, dependencia","(informal) hook, addiction",Tema 2;Contexto 1;sustantivo;ciencia;tecnología;sociedad;móvil;nomofobia;adicción;enfermedad
tintinear,"producir un sonido agudo, como el de dos copas que chocan",to tinkle,"Tema 2;Contexto 1;verbo;ciencia;tecnología;sociedad;nosotros, no"
descomponerse,"enfermar, perder la integridad física; desgastarse","to decay, to putrefy","Tema 2;Contexto 1;verbo;ciencia;tecnología;sociedad;nosotros, no"
la senectud,la vejez,old age,"Tema 2;Contexto 1;sustantivo;ciencia;tecnología;sociedad;nosotros, no"
surtir,"producir, generar",to produce; to take effect,"Tema 2;Contexto 1;verbo;ciencia;tecnología;sociedad;nosotros, no"
aprestarse,disponerse a hacer algo,to prepare oneself,"Tema 2;Contexto 1;verbo;ciencia;tecnología;sociedad;nosotros, no"
el verdugo,persona que castiga o atormenta sin piedad a otra,"executioner, tormentor","Tema 2;Contexto 1;sustantivo;ciencia;tecnología;sociedad;nosotros, no"
derramar,verter o vaciar líquidos u otras sustancias,to spill,"Tema 2;Contexto 1;verbo;ciencia;tecnología;sociedad;nosotros, no"
el desprecio,"sentimiento negativo hacia otra persona; desdén, falta de aprecio","disdain, scorn","Tema 2;Contexto 1;sustantivo;ciencia;tecnología;sociedad;nosotros, no"
rumbo a...,en dirección a un lugar o situación,headed for,"Tema 2;Contexto 1;adverbio;ciencia;tecnología;sociedad;nosotros, no"
carcomer,consumir poco a poco; mortificar o atormentar,to eat away (at),"Tema 2;Contexto 1;verbo;ciencia;tecnología;sociedad;nosotros, no"
el renacuajo,"larva de una rana, (figurado) niño pequeño",tadpole,"Tema 2;Contexto 1;sustantivo;ciencia;tecnología;sociedad;nosotros, no"
la cacería,acción de cazar,hunt,"Tema 2;Contexto 1;sustantivo;ciencia;tecnología;sociedad;nosotros, no"
el peatón,persona que camina por una vía pública,pedestrian,Tema 2;Contexto 1;sustantivo;audio;ciencia;tecnología;sociedad;Marta;transporte
la somnolencia,ganas de dormir o debilidad,"drowsiness, sleepiness",Tema 2;Contexto 1;sustantivo;audio;ciencia;tecnología;sociedad;Marta;transporte
el fallecimiento,la muerte,death,Tema 2;Contexto 1;sustantivo;audio;ciencia;tecnología;sociedad;Marta
los conductores kamikazes,personas que conducen de manera arriesgada,reckless drivers,Tema 2;Contexto 1;sustantivo;audio;ciencia;tecnología;sociedad;Marta
el semáforo,aparato eléctrico con luces para controlar el tráfico,traffic light,Tema 2;Contexto 1;sustantivo;audio;ciencia;tecnología;sociedad;Marta;transporte
el siniestro,"accidente, tragedia","accident, catastrophe",Tema 2;Contexto 1;sustantivo;audio;ciencia;tecnología;sociedad;Marta;transporte
la gestión,"manejo, administración",administration,Tema 2;Contexto 1;sustantivo;audio;ciencia;tecnología;sociedad;Marta
concienciar,crear conciencia o sentido de responsabilidad entre las personas,to raise awareness,Tema 2;Contexto 1;sustantivo;audio;ciencia;tecnología;sociedad;Marta
el/la usuario/a,persona que usa un servicio o un espacio,user,Tema 2;Contexto 1;sustantivo;audio;ciencia;tecnología;sociedad;Marta
arribar,"llegar, alcanzar",to arrive; to reach,Tema 2;Contexto 2;verbo;ciencia;tecnología;salud;medicina;Internet;Google
instaurar,"establecer, instituir",to establish,Tema 2;Contexto 2;verbo;ciencia;tecnología;salud;medicina;Internet;Google
asesorar,"consultar, buscar orientación o asesoría especializada",to advise,Tema 2;Contexto 2;verbo;ciencia;tecnología;salud;medicina;Internet;Google
el/la docente,profesor(a),educator,Tema 2;Contexto 2;sustantivo;ciencia;tecnología;salud;medicina;Internet;Google
carecer,estar privado de algo; no poseer algo,to lack,Tema 2;Contexto 2;verbo;ciencia;tecnología;salud;medicina;Internet;Google
precisar,necesitar,to need or require,Tema 2;Contexto 2;verbo;ciencia;tecnología;salud;medicina;Internet;Google
acarrear,"llevar, ocasionar, producir","to entail, to result in",Tema 2;Contexto 2;verbo;ciencia;tecnología;salud;medicina;Internet;Google
autóctono/a,"nativo/a, originario/a",native,Tema 2;Contexto 2;adjetivo;ciencia;tecnología;salud;medicina;Edad Media
el aporte,la contribución,contribution,Tema 2;Contexto 2;sustantivo;ciencia;tecnología;salud;medicina;Edad Media
el/la laico/a,persona civil que no tiene orden clerical,lay person,Tema 2;Contexto 2;sustantivo;ciencia;tecnología;salud;medicina;Edad Media
despedazar,hacer pedazos,to tear to pieces,Tema 2;Contexto 2;verbo;ciencia;tecnología;salud;medicina;Edad Media
la peregrinación,viaje que tiene un objetivo religioso,pilgrimage,Tema 2;Contexto 2;sustantivo;ciencia;tecnología;salud;medicina;Edad Media
la picaresca,"forma de vida de los pícaros, personajes astutos y
tramposos; género literario que describe la vida de los pícaros",picaresque,Tema 2;Contexto 2;sustantivo;ciencia;tecnología;salud;medicina;Edad Media
acudir,visitar o recurrir a alguien,to resort or turn to,Tema 2;Contexto 2;verbo;ciencia;tecnología;salud;medicina;Edad Media
el chivo expiatorio,persona a quien se le echa la culpa de algo,scapegoat,Tema 2;Contexto 2;sustantivo;ciencia;tecnología;salud;medicina;Edad Media
cernir,"ocurrir, acontecer",to happen; to hold over (someone),Tema 2;Contexto 2;verbo;ciencia;tecnología;salud;medicina;Edad Media
el ungüento,crema o bálsamo como remedio para curar que se pone en la piel,ointment,Tema 2;Contexto 2;sustantivo;ciencia;tecnología;salud;medicina;Edad Media
el filtro,poción,potion,Tema 2;Contexto 2;sustantivo;ciencia;tecnología;salud;medicina;Edad Media
milagroso/a,"asombroso/a, fuera de lo ordinario, que no tiene explicación lógica",miraculous; providential,Tema 2;Contexto 2;audio;adjetivo;ciencia;tecnología;salud;medicina
crédulo/a,que se cree cualquier cosa con facilidad,credulous; gullible,Tema 2;Contexto 2;audio;adjetivo;ciencia;tecnología;salud;medicina
retrasar,"demorar, atrasar, posponer",to delay,Tema 2;Contexto 2;audio;verbo;ciencia;tecnología;salud;medicina
el riesgo,"peligro, inseguridad, posibilidad de daño",risk,Tema 2;Contexto 2;audio;sustantivo;ciencia;tecnología;salud;medicina
plantear,"proponer, sugerir","to suggest, to propose",Tema 2;Contexto 3;verbo;ciencia;tecnología;ética;neandertal
rematar,"dar fin a algo, terminar",to finish off,Tema 2;Contexto 3;verbo;ciencia;tecnología;ética;neandertal
impetuoso/a,"impulsivo/a, apasionado/a","impulsive, hot-headed",Tema 2;Contexto 3;adjetivo;ciencia;tecnología;ética;neandertal
ADN,acrónimo para ácido desoxirribonucleico,DNA,Tema 2;Contexto 3;sustantivo;ciencia;tecnología;ética;neandertal
artífice,"creador, autor, arquitecto","creator, author",Tema 2;Contexto 3;sustantivo;ciencia;tecnología;ética;neandertal
avalar,apoyar,"to guarantee, to support",Tema 2;Contexto 3;verbo;ciencia;tecnología;ética;neandertal
campar a sus anchas,"vivir libre, sin restricciones",to do as one pleases,Tema 2;Contexto 3;verbo;ciencia;tecnología;ética;neandertal
replegarse,"retirarse, alejarse",to withdraw,Tema 2;Contexto 3;verbo;ciencia;tecnología;ética;neandertal
salpicar,"tener instancias de algo, esparcir",to splash; to touch or affect; to spread,Tema 2;Contexto 3;verbo;ciencia;tecnología;ética;neandertal
acoso,"persecución, molestia",harassment,Tema 2;Contexto 3;sustantivo;ciencia;tecnología;ética;neandertal
resarcimiento,compensación por daño,compensation (for damage),Tema 2;Contexto 3;sustantivo;ciencia;tecnología;ética;neandertal
machaconería,insistencia molesta,tiresome insistence,Tema 2;Contexto 3;sustantivo;ciencia;tecnología;ética;neandertal
mantener,"preservar, conservar",to keep; to preserve,Tema 2;Contexto 3;verbo;ciencia;tecnología;ética;sustentabilidad
agotar,acabar o extinguir,to use up,Tema 2;Contexto 3;verbo;ciencia;tecnología;ética;sustentabilidad
disponible,que está a la mano para ser usado,available,Tema 2;Contexto 3;adjetivo;ciencia;tecnología;ética;sustentabilidad
el patrón,conducta; modelo o pauta,pattern or model,Tema 2;Contexto 3;sustantivo;ciencia;tecnología;ética;sustentabilidad
perjudicar,"causar daño o perjuicio; lesionar, afectar",to harm,Tema 2;Contexto 3;verbo;ciencia;tecnología;ética;sustentabilidad
a costa de…,a expensas de…; por el esfuerzo o sacrificio de algo o alguien más,at the expense of…,Tema 2;Contexto 3;adverbio;ciencia;tecnología;ética;sustentabilidad
quebrar,"romper, fragmentar",to break,Tema 2;Contexto 3;audio;verbo;ciencia;tecnología;ética;sustentabilidad
cobijar,"cubrir, hospedar, dar protección o refugio",to wrap up,Tema 2;Contexto 3;audio;verbo;ciencia;tecnología;ética;sustentabilidad
imponer,obligar o forzar a alguien a hacer algo,to impose,Tema 2;Contexto 3;audio;verbo;ciencia;tecnología;ética;sustentabilidad
la búsqueda,la acción de buscar o investigar,search,Tema 2;Contexto 3;audio;sustantivo;ciencia;tecnología;ética;sustentabilidad
la mortandad,gran cantidad de muertes causadas por enfermedades o fenómenos naturales,"death toll, slaughter",Tema 2;Contexto 4;sustantivo;ciencia;tecnología;fenómenos naturales;extinción
el Pérmico,periodo geológico de hace aproximadamente trescientos millones de años,the Permian (period),Tema 2;Contexto 4;sustantivo;ciencia;tecnología;fenómenos naturales;extinción
el páramo,terreno sumamente frío y desolado,moorland,Tema 2;Contexto 4;sustantivo;ciencia;tecnología;fenómenos naturales;extinción
el hongo,"organismo parásito, sin clorofila, que vive sobre materias orgánicas en descomposición",fungus,Tema 2;Contexto 4;sustantivo;ciencia;tecnología;fenómenos naturales;extinción
la anoxia,falta casi total de oxígeno,anoxia,Tema 2;Contexto 4;sustantivo;ciencia;tecnología;fenómenos naturales;extinción
enlazado/a,conectado/a o relacionado/a,tied,Tema 2;Contexto 4;adjetivo;ciencia;tecnología;fenómenos naturales;extinción
cazar,perseguir para atrapar,to hunt,Tema 2;Contexto 4;verbo;ciencia;tecnología;fenómenos naturales;tornado
recorrer,"atravesar, viajar",to travel across,Tema 2;Contexto 4;verbo;ciencia;tecnología;fenómenos naturales;tornado
la planicie,terreno plano y extenso,"flatland, plateau",Tema 2;Contexto 4;sustantivo;ciencia;tecnología;fenómenos naturales;tornado
el callejón,paso estrecho entre edificios o montañas,alleyway,Tema 2;Contexto 4;sustantivo;ciencia;tecnología;fenómenos naturales;tornado
la cordillera,una serie de montañas,mountain range,Tema 2;Contexto 4;sustantivo;ciencia;tecnología;fenómenos naturales;tornado
suscitar,provocar o generar,to raise ,Tema 2;Contexto 4;verbo;ciencia;tecnología;fenómenos naturales;tornado
colgar,"estar suspendido o atado a un punto, sin tocar el suelo",to hang,Tema 2;Contexto 4;verbo;ciencia;tecnología;fenómenos naturales;tornado
desentrañar,"averiguar, descubrir información oculta","to figure out, to unravel",Tema 2;Contexto 4;verbo;ciencia;tecnología;fenómenos naturales;tornado
la sequía,"tiempo seco, sin lluvias, de larga duración",drought,Tema 2;Contexto 4;audio;sustantivo;ciencia;tecnología;fenómenos naturales;sequía
la agrometeorología,"ciencia que estudia las condiciones meteorológicas, climáticas e hidrológicas y su interrelación con la producción agrícola",agrometeorology,Tema 2;Contexto 4;audio;sustantivo;ciencia;tecnología;fenómenos naturales;sequía
repercutir,causar un efecto o un resultado,"to affect, to have repercussions",Tema 2;Contexto 4;audio;verbo;ciencia;tecnología;fenómenos naturales;sequía
mitigar,moderar o reducir un problema,to mitigate,Tema 2;Contexto 4;audio;verbo;ciencia;tecnología;fenómenos naturales;sequía
prever,ver con antelación,to foresee,Tema 2;Contexto 4;audio;verbo;ciencia;tecnología;fenómenos naturales;sequía
afrontar,resistir algo negativo; enfrentar,to face,Tema 2;Contexto 4;audio;verbo;ciencia;tecnología;fenómenos naturales;sequía
amenaza,peligro,threat,Tema 2;Contexto 4;audio;sustantivo;ciencia;tecnología;fenómenos naturales;sequía
el efecto invernadero,elevación de la temperatura atmosférica,the greenhouse effect,Tema 2;Cinemateca;sustantivo;ciencia;tecnología;atajo;energía
marginar,aislar; relegar a una posición sin importancia en la sociedad,to exclude,Tema 2;Cinemateca;verbo;ciencia;tecnología;atajo;energía
ser muy movido/a,(en México) participar en acciones o movimientos sociales,to be (socially) proactive,Tema 2;Cinemateca;verbo;adjetivo;ciencia;tecnología;atajo;energía
dañino/a,"que causa daño, lastima o produce enfermedades",harmful,Tema 2;Cinemateca;adjetivo;ciencia;tecnología;atajo;energía
el poste,columna colocada verticalmente que sirve como apoyo,lamppost,Tema 2;Cinemateca;sustantivo;ciencia;tecnología;atajo;energía
la pila,batería eléctrica,battery ,Tema 2;Cinemateca;sustantivo;ciencia;tecnología;atajo;energía
el atajo,camino que hace más corta una distancia,shortcut,Tema 2;Cinemateca;sustantivo;ciencia;tecnología;atajo;energía
el rezago,atraso; falta de desarrollo,backwardness,Tema 2;Cinemateca;sustantivo;ciencia;tecnología;atajo;energía
el entorno,lo que nos rodea; el medioambiente,surroundings,Tema 2;Cinemateca;sustantivo;ciencia;tecnología;atajo;energía
el agrado,"complacencia, gusto, placer",pleasure,Tema 3;Contexto 1;sustantivo;belleza;estética;historia
la etimología,estudio del origen de las palabras y sus significados,etymology,Tema 3;Contexto 1;sustantivo;belleza;estética;historia
el canon,regla; conjunto de normas o preceptos,"canon, rule, principle",Tema 3;Contexto 1;sustantivo;belleza;estética;historia
la pujanza,fuerza o empuje,"strength, vigour",Tema 3;Contexto 1;sustantivo;belleza;estética;historia
paradigmático/a,"ejemplar, que sirve como modelo o prototipo",paradigmatic,Tema 3;Contexto 1;adjetivo;belleza;estética;historia
plasmar,dar forma o capturar la expresión de algo,to express or capture (artistically),Tema 3;Contexto 1;verbo;belleza;estética;historia
el donaire,"elegancia, esbeltez",grace,Tema 3;Contexto 1;sustantivo;belleza;estética;historia
menospreciar,mostrar desprecio o desdén,"to scorn, to despise",Tema 3;Contexto 1;verbo;belleza;estética;historia
morfológico/a,relacionado con la forma o la estructura,morphological,Tema 3;Contexto 1;adjetivo;belleza;estética;historia
sustraerse,"retirarse, alejarse","to escape (from something), to avoid",Tema 3;Contexto 1;verbo;belleza;estética;historia
radicar (en),residir o consistir (en),"to lie in, to consist of",Tema 3;Contexto 1;verbo;belleza;estética;encuesta
el/la mozo/a,persona joven,youth,Tema 3;Contexto 1;sustantivo;belleza;estética;encuesta
despampanante,de belleza extraordinaria,stunning,Tema 3;Contexto 1;adjetivo;belleza;estética;encuesta
afable,"simpático/a, afectuoso/a",affable,Tema 3;Contexto 1;adjetivo;belleza;estética;encuesta
agraciado/a,atractivo/a,graceful; attractive,Tema 3;Contexto 1;adjetivo;belleza;estética;encuesta
desplegarse,"exhibirse, manifestarse","to unfold, to unfurl",Tema 3;Contexto 1;audio;verbo;belleza;estética;autoestima
sensible,"susceptible, receptivo, que puede percibir o sentir fácilmente",sensitive,Tema 3;Contexto 1;audio;adjetivo;belleza;estética;autoestima
cotidiano/a,"habitual, de todos los días",daily,Tema 3;Contexto 1;audio;adjetivo;belleza;estética;autoestima
conmover,inquietar o enternecer; provocar emociones o sentimientos,to move deeply,Tema 3;Contexto 1;audio;verbo;belleza;estética;autoestima
la queja,lamentación; expresión de disgusto o pena,complaint,Tema 3;Contexto 1;audio;sustantivo;belleza;estética;autoestima
la luca,tipo de metal muy caro,luca (a type of material),Tema 3;Contexto 2;sustantivo;belleza;estética;moda;diseño;hipster
la polera,"camiseta, remera",shirt,Tema 3;Contexto 2;sustantivo;belleza;estética;moda;diseño;hipster
lucas,"dinero; en algunos países, 1000 pesos",(in some countries) a one-thousand peso bill,Tema 3;Contexto 2;sustantivo;belleza;estética;moda;diseño;hipster
la feria americana,venta de ropa usada,yard sale; tag sale ,Tema 3;Contexto 2;sustantivo;belleza;estética;moda;diseño;hipster
el flequillo,pelo sobre la frente,bangs,Tema 3;Contexto 2;sustantivo;belleza;estética;moda;diseño;hipster
el jopo,flequillo peinado hacia arriba,quiff (hairstyle),Tema 3;Contexto 2;sustantivo;belleza;estética;moda;diseño;hipster
tener la posta,tener razón (informal),(informal) to be right,Tema 3;Contexto 2;verbo;belleza;estética;moda;diseño;hipster
fiable,que inspira confianza o seguridad,reliable,Tema 3;Contexto 2;adjetivo;belleza;estética;moda;diseño;encuesta
la casilla,recuadro para marcar una respuesta,box (on a form),Tema 3;Contexto 2;sustantivo;belleza;estética;moda;diseño;encuesta
proporcionar,"proveer, ofrecer",to provide,Tema 3;Contexto 2;verbo;belleza;estética;moda;diseño;encuesta
la prenda de vestir,pieza de ropa,garment,Tema 3;Contexto 2;sustantivo;belleza;estética;moda;diseño;encuesta
presumir,"alardear, ostentar","to brag, to show off",Tema 3;Contexto 2;verbo;belleza;estética;moda;diseño;encuesta
discrepar,"disentir, oponerse",to disagree,Tema 3;Contexto 2;verbo;belleza;estética;moda;diseño;encuesta
un vistazo,una mirada rápida,a glance,Tema 3;Contexto 2;sustantivo;belleza;estética;moda;diseño;encuesta
o sea,es decir,in other words,Tema 3;Contexto 2;belleza;estética;moda;encuesta
ajeno/a,que pertenece a otra persona,someone else's,Tema 3;Contexto 2;adjetivo;belleza;estética;moda;diseño;encuesta
la prestancia,"distinción, elegancia, refinamiento","distinction, elegance",Tema 3;Contexto 2;sustantivo;belleza;estética;moda;diseño;encuesta
rotundamente,"definitivamente, de manera contundente",emphatically,Tema 3;Contexto 2;audio;adverbio;belleza;estética;moda;diseño;profesión
el capricho,deseo sin razón; gusto arbitrario,whim,Tema 3;Contexto 2;audio;sustantivo;belleza;estética;moda;diseño;profesión
deambular,"pasear sin dirección específica, andar o caminar sin destino",to wander,Tema 3;Contexto 2;audio;verbo;belleza;estética;moda;diseño;profesión
el hallazgo,"descubrimiento, encuentro","finding, discovery",Tema 3;Contexto 2;audio;sustantivo;belleza;estética;moda;diseño;profesión
propiciar,"ayudar, favorecer, apoyar","to favor, to win the favor (of)",Tema 3;Contexto 2;audio;verbo;belleza;estética;moda;diseño;profesión
encogerse,"achicarse, reducirse",to shrink,Tema 3;Contexto 3;verbo;belleza;estética;lenguaje;literatura
el denominador común,una característica que comparten personas diferentes,common denominator,Tema 3;Contexto 3;sustantivo;belleza;estética;lenguaje;literatura
el patrimonio,la herencia,heritage,Tema 3;Contexto 3;sustantivo;belleza;estética;lenguaje;literatura
el entramado,"la estructura, entrecruzamiento","grid, framework",Tema 3;Contexto 3;sustantivo;belleza;estética;lenguaje;literatura
vincular,conectar,to link,Tema 3;Contexto 3;verbo;belleza;estética;lenguaje;literatura
legar,heredar; transmitir a las generaciones futuras,"to bequeath, to hand down",Tema 3;Contexto 3;verbo;belleza;estética;lenguaje;literatura
carecer de,"faltar, no tener",to lack,Tema 3;Contexto 3;verbo;belleza;estética;lenguaje;literatura;soledad
el alboroto,"desorden, tumulto","fuss, whirl",Tema 3;Contexto 3;sustantivo;belleza;estética;lenguaje;literatura;soledad
arrastrar,llevar por el suelo,to drag,Tema 3;Contexto 3;verbo;belleza;estética;lenguaje;literatura;soledad
crujir,cierto ruido que hacen la madera y otros materiales al chocar o romperse,to creak,Tema 3;Contexto 3;verbo;belleza;estética;lenguaje;literatura;soledad
desentrañar,"sacar lo más escondido, extraer del fondo","to pull out, to extract",Tema 3;Contexto 3;verbo;belleza;estética;lenguaje;literatura;soledad
empeñarse en,esforzarse con disciplina y determinación,"to insist, to persist",Tema 3;Contexto 3;verbo;belleza;estética;lenguaje;literatura;soledad
asomarse,mirar (por),to look out or through,Tema 3;Contexto 3;verbo;belleza;estética;lenguaje;literatura;soledad
la privación,carencia o escasez de los bienes más fundamentales,deprivation,Tema 3;Contexto 3;sustantivo;belleza;estética;lenguaje;literatura;soledad
hacer caso de,prestar atención a,to heed,Tema 3;Contexto 3;verbo;belleza;estética;lenguaje;literatura;soledad
la huerta,terreno destinado al cultivo,vegetable garden,Tema 3;Contexto 3;sustantivo;belleza;estética;lenguaje;literatura;soledad
hechizado/a,cautivado como por arte de magia,bewitched,Tema 3;Contexto 3;adjetivo;belleza;estética;lenguaje;literatura;soledad
la mente,"capacidad intelectual, pensamiento, cerebro",(the) mind,Tema 3;Contexto 3;sustantivo;belleza;estética;lenguaje;literatura;escribir
dispuesto/a,"preparado/a, listo/a, presto/a",ready,Tema 3;Contexto 3;adjetivo;belleza;estética;lenguaje;literatura;escribir
encerrarse,"confinarse, aislarse, retirarse de otras personas",to shut oneself away,Tema 3;Contexto 3;verbo;belleza;estética;lenguaje;literatura;escribir
atroz,"terrible, inhumano, horrible, cruel","terrible, awful",Tema 3;Contexto 3;adjetivo;belleza;estética;lenguaje;literatura;escribir
el guión,"texto o esquema escrito, plan ordenado",script,Tema 3;Contexto 3;sustantivo;belleza;estética;lenguaje;literatura;escribir
el convenio,acuerdo entre personas o instituciones,agreement,Tema 3;Contexto 4;sustantivo;belleza;estética;artes;museo
acreditado/a,autorizado/a; que tiene el aval o el permiso oficial para realizar algo,"accredited, authorized",Tema 3;Contexto 4;adjetivo;belleza;estética;artes;museo
liberado/a,"gratis, sin restricciones",free (of charge),Tema 3;Contexto 4;adjetivo;belleza;estética;artes;museo
difundir,"propagar, dar a conocer de manera extensa","to spread, to disseminate",Tema 3;Contexto 4;verbo;belleza;estética;artes;museo
el patrimonio artístico,la herencia artística; el conjunto de obras pertenecientes a un país,artistic heritage,Tema 3;Contexto 4;sustantivo;belleza;estética;artes;museo
resguardar,proteger contra el daño o el deterioro,to protect,Tema 3;Contexto 4;verbo;belleza;estética;artes;museo
ingresar,"entrar, matricularse en una institución",to enter (an institution),Tema 3;Contexto 4;verbo;belleza;estética;artes;Varo
la vanguardia,movimiento de artistas que presentan cambios o avances innovadores,avant-garde,Tema 3;Contexto 4;sustantivo;belleza;estética;artes;Varo
estallar,"comenzar un conflicto, explotar",to break out,Tema 3;Contexto 4;verbo;belleza;estética;artes;Varo
acogido/a,admitido/a y protegido/a,"welcome, taken in",Tema 3;Contexto 4;adjetivo;belleza;estética;artes;Varo
amalgamar,"mezclar, combinar","to amalgamate, to unite, to merge",Tema 3;Contexto 4;verbo;belleza;estética;artes;Varo
el malabarismo,acción de tirar objetos al aire y recogerlos,juggling,Tema 3;Contexto 4;sustantivo;belleza;estética;artes;Varo
la decalcomanía,técnica artística que consiste en transferir grabados de una superficie a otra,decalcomania,Tema 3;Contexto 4;sustantivo;belleza;estética;artes;Varo
el fumage,técnica que consiste en hacer impresiones por humo o vela,fumage,Tema 3;Contexto 4;sustantivo;belleza;estética;artes;Varo
el frottage,técnica de frotar un lápiz sobre un objeto bajo papel para conseguir la impresión de su forma,frottage,Tema 3;Contexto 4;sustantivo;belleza;estética;artes;Varo
insólito/a,"raro/a, increíble","unusual, unbelievable",Tema 3;Contexto 4;adjetivo;belleza;estética;artes;Varo
el arcano,"misterio, secreto muy reservado y de importancia",mystery,Tema 3;Contexto 4;sustantivo;belleza;estética;artes;Varo
el juramento,promesa que implica una obligación,oath,Tema 3;Contexto 4;audio;sustantivo;belleza;estética;artes;Guernica
el triunfo,victoria o conquista,triumph,Tema 3;Contexto 4;audio;sustantivo;belleza;estética;artes;Guernica
apartar,separar o dividir; desunir,to separate,Tema 3;Contexto 4;audio;verbo;belleza;estética;artes;Guernica
el presidio,reclusión o cautiverio,imprisonment,Tema 3;Contexto 4;audio;sustantivo;belleza;estética;artes;Guernica
unirse,asociarse o juntarse con otras personas,to join,Tema 3;Contexto 4;audio;verbo;belleza;estética;artes;Guernica
precolombino/a,anterior a la llegada de Cristóbal Colón a América,pre-Columbian,Tema 3;Cinemateca;adjetivo;belleza;estética;arte;artes;precolombino
la cerámica,objetos de barro o porcelana,ceramics,Tema 3;Cinemateca;sustantivo;belleza;estética;arte;artes;precolombino
el textil,"tejido, objeto que se forma tejiendo",textile,Tema 3;Cinemateca;sustantivo;belleza;estética;arte;artes;precolombino
la vitrina,caja de vidrio para exhibir objetos,"glass cabinet, display case ",Tema 3;Cinemateca;sustantivo;belleza;estética;arte;artes;precolombino
la cosmovisión,manera de interpretar el mundo,worldview,Tema 3;Cinemateca;sustantivo;belleza;estética;arte;artes;precolombino
profano/a,"secular, que no es religioso o sagrado","secular, profane",Tema 3;Cinemateca;adjetivo;belleza;estética;arte;artes;precolombino
el pasto,"hierba, césped",grass; pasture,Tema 4;Contexto 1;sustantivo;vida contemporánea;educación;carreras;escuela;escuelas
la vereda,"camino, senda","lane, path",Tema 4;Contexto 1;sustantivo;vida contemporánea;educación;carreras;escuela;escuelas
el vaivén,"oscilación, balanceo, ir y venir",swing,Tema 4;Contexto 1;sustantivo;vida contemporánea;educación;carreras;escuela;escuelas
amarrar,sujetar o atar un objeto a otro,to tie up,Tema 4;Contexto 1;verbo;vida contemporánea;educación;carreras;escuela;escuelas
el día hábil,día laboral,business day,Tema 4;Contexto 1;sustantivo;vida contemporánea;educación;carreras;escuela;escuelas
desempeñarse,realizar un trabajo o ejercer una profesión,"to act as, to carry out the duties of",Tema 4;Contexto 1;verbo;vida contemporánea;educación;carreras;escuela;escuelas
el jeque,(entre los pueblos musulmanes) persona que manda o gobierna,sheik,Tema 4;Contexto 1;sustantivo;vida contemporánea;educación;carreras;futuro
el porvenir,futuro,the future,Tema 4;Contexto 1;sustantivo;vida contemporánea;educación;carreras;futuro
la apuesta,predicción,"bet, guess",Tema 4;Contexto 1;sustantivo;vida contemporánea;educación;carreras;futuro
el/la adivino/a,persona que predice el futuro,"seer, fortune-teller",Tema 4;Contexto 1;sustantivo;vida contemporánea;educación;carreras;futuro
pronosticar,predecir,to predict,Tema 4;Contexto 1;verbo;vida contemporánea;educación;carreras;futuro
codiciado/a,"deseado/a, anhelado/a",coveted,Tema 4;Contexto 1;adjetivo;vida contemporánea;educación;carreras;futuro
el anhelo,"deseo, aspiración","desire, longing",Tema 4;Contexto 1;sustantivo;vida contemporánea;educación;carreras;futuro
el cohete,aeronave usada para fines militares o científicos,rocket,Tema 4;Contexto 1;sustantivo;vida contemporánea;educación;carreras;futuro
el/la gerente,"mánager, directivo/a",manager,Tema 4;Contexto 1;sustantivo;vida contemporánea;educación;carreras;futuro
vaticinar,"predecir, pronosticar",to foretell,Tema 4;Contexto 1;verbo;vida contemporánea;educación;carreras;futuro
la fuga,"huida, abandono",escape,Tema 4;Contexto 1;sustantivo;vida contemporánea;educación;carreras;futuro
la remuneración,pago o salario,compensation (for a job),Tema 4;Contexto 1;audio;sustantivo;vida contemporánea;educación;carreras;docencia;género
redundar,resultar en algo; producir un efecto,to result in,Tema 4;Contexto 1;audio;verbo;vida contemporánea;educación;carreras;docencia;género
la trata humana,tráfico o comercio de personas,human trafficking,Tema 4;Contexto 1;audio;sustantivo;vida contemporánea;educación;carreras;docencia;género
la equidad,"igualdad, tratamiento imparcial",equity,Tema 4;Contexto 1;audio;sustantivo;vida contemporánea;educación;carreras;docencia;género
la pauta,norma o patrón,pattern,Tema 4;Contexto 1;audio;sustantivo;vida contemporánea;educación;carreras;docencia;género
cocer,cocinar en un líquido,to boil,Tema 4;Contexto 2;verbo;vida contemporánea;entretenimiento;diversión;receta;cocina
rebanar,cortar en pedazos delgados,to slice,Tema 4;Contexto 2;verbo;vida contemporánea;entretenimiento;diversión;receta;cocina
colar,separar el líquido de los sólidos,to strain,Tema 4;Contexto 2;verbo;vida contemporánea;entretenimiento;diversión;receta;cocina
acitronar,freír hasta que tenga color marrón o que esté dorado,"to sauté, to caramelize",Tema 4;Contexto 2;verbo;vida contemporánea;entretenimiento;diversión;receta;cocina
amargar,tomar sabor amargo o desagradable,to make bitter,Tema 4;Contexto 2;verbo;vida contemporánea;entretenimiento;diversión;receta;cocina
licuar,hacer líquido,to liquefy,Tema 4;Contexto 2;verbo;vida contemporánea;entretenimiento;diversión;receta;cocina
sazonar,agregar especias para enriquecer el sabor,to season,Tema 4;Contexto 2;verbo;vida contemporánea;entretenimiento;diversión;receta;cocina
a caballo entre,(figurativo) dividido entre dos lugares,(figurative) halfway between,Tema 4;Contexto 2;vida contemporánea;entretenimiento;diversión;entrevista;Hazas;televisión
el bombón,mujer bella y encantadora,a beauty,Tema 4;Contexto 2;sustantivo;vida contemporánea;entretenimiento;diversión;entrevista;Hazas;televisión
conjugar,combinar,to combine,Tema 4;Contexto 2;verbo;vida contemporánea;entretenimiento;diversión;entrevista;Hazas;televisión
la parrilla,la programación de televisión (o radio),TV (or radio) guide or schedule,Tema 4;Contexto 2;sustantivo;vida contemporánea;entretenimiento;diversión;entrevista;Hazas;televisión
la sobremesa,el momento después de comer,after-dinner (drink or conversation),Tema 4;Contexto 2;sustantivo;vida contemporánea;entretenimiento;diversión;entrevista;Hazas;televisión
el rodaje,la filmación,shooting (of a film),Tema 4;Contexto 2;sustantivo;vida contemporánea;entretenimiento;diversión;entrevista;Hazas;televisión
remontarse,regresar a una época pasada,to date back,Tema 4;Contexto 2;verbo;vida contemporánea;entretenimiento;diversión;entrevista;Hazas;televisión
llano/a,(lenguaje) sencillo y directo,"plain, simple (language)",Tema 4;Contexto 2;adjetivo;vida contemporánea;entretenimiento;diversión;entrevista;Hazas;televisión
la franja horaria,"tiempo, lugar en el horario",time slot,Tema 4;Contexto 2;sustantivo;vida contemporánea;entretenimiento;diversión;entrevista;Hazas;televisión
gratamente,de manera agradable,pleasantly,Tema 4;Contexto 2;adverbio;vida contemporánea;entretenimiento;diversión;entrevista;Hazas;televisión
compensar,"retribuir, satisfacer",to compensate,Tema 4;Contexto 2;verbo;vida contemporánea;entretenimiento;diversión;entrevista;Hazas;televisión
esforzarse,trabajar muy duro para lograr un objetivo,to strive,Tema 4;Contexto 2;audio;verbo;vida contemporánea;entretenimiento;diversión;español
conseguir,"lograr, tener éxito",to achieve,Tema 4;Contexto 2;audio;verbo;vida contemporánea;entretenimiento;diversión;español
darse por vencido,abandonar algo demasiado difícil,to give up,Tema 4;Contexto 2;audio;verbo;vida contemporánea;entretenimiento;diversión;español
enriquecer,mejorar,to enrich,Tema 4;Contexto 2;audio;verbo;vida contemporánea;entretenimiento;diversión;español
la tara,"deficiencia, defecto","defect, imperfection",Tema 4;Contexto 2;audio;sustantivo;vida contemporánea;entretenimiento;diversión;español
suministro,"distribución, entrega","supply, provision",Tema 4;Contexto 3;sustantivo;vida contemporánea;viajes;ocio;mensaje
mediático/a,relativo a los medios de comunicación,pertaining to the media,Tema 4;Contexto 3;adjetivo;vida contemporánea;viajes;ocio;mensaje
estrenarse,"ser presentado por primera vez (en especial, un espectáculo)",to premiere,Tema 4;Contexto 3;verbo;vida contemporánea;viajes;ocio;mensaje
batir,"vencer, superar un récord",to break (a record),Tema 4;Contexto 3;verbo;vida contemporánea;viajes;ocio;mensaje
cobrar fuerza,"adquirir poder o valor, dar energía",to gain strength,Tema 4;Contexto 3;verbo;vida contemporánea;viajes;ocio;mensaje
fondear,echar el ancla para explorar el fondo de las aguas que se navegan,to anchor,Tema 4;Contexto 3;verbo;vida contemporánea;viajes;ocio;mundo
la flota,grupo de barcos,fleet,Tema 4;Contexto 3;sustantivo;vida contemporánea;viajes;ocio;mundo
el ventisquero,la parte alta de una montaña más expuesta al viento y la nieve,snowpack,Tema 4;Contexto 3;sustantivo;vida contemporánea;viajes;ocio;mundo
zarpar,"levantar el ancla, salir",to set sail,Tema 4;Contexto 3;verbo;vida contemporánea;viajes;ocio;mundo
el calado,profundidad,depth,Tema 4;Contexto 3;sustantivo;vida contemporánea;viajes;ocio;mundo
el grumete,joven aprendiz de marino,cabin boy,Tema 4;Contexto 3;sustantivo;vida contemporánea;viajes;ocio;mundo
la carta de navegación,mapa detallado de aguas navegables,navigation chart,Tema 4;Contexto 3;sustantivo;vida contemporánea;viajes;ocio;mundo
filudo/a,"afilado/a, con una punta que puede cortar",sharp,Tema 4;Contexto 3;adjetivo;vida contemporánea;viajes;ocio;mundo
condenado/a,"maldito/a, molesto/a","condemned, wretched ",Tema 4;Contexto 3;adjetivo;vida contemporánea;viajes;ocio;mundo
el chorro,"líquido, gas o luz que fluye por una apertura",jet (of water or light),Tema 4;Contexto 3;sustantivo;vida contemporánea;viajes;ocio;mundo
diáfano/a,"claro/a, cristalino/a","diaphanous, translucent",Tema 4;Contexto 3;adjetivo;vida contemporánea;viajes;ocio;mundo
sostenible,que se puede defender; razonable,sustainable,Tema 4;Contexto 3;audio;adjetivo;vida contemporánea;viajes;ocio;medioambiente
la propuesta,idea; proposición que una persona le hace a otra,proposal,Tema 4;Contexto 3;audio;sustantivo;vida contemporánea;viajes;ocio;medioambiente
desplazarse,"viajar, transitar, trasladarse",to travel; to move,Tema 4;Contexto 3;audio;verbo;vida contemporánea;viajes;ocio;medioambiente
el recorrido,ruta o itinerario,"route, itinerary",Tema 4;Contexto 3;audio;sustantivo;vida contemporánea;viajes;ocio;medioambiente
apetitoso/a,"gustoso/a, sabroso/a, que excita el gusto o el apetito","appetizing, mouth-watering",Tema 4;Contexto 3;audio;adjetivo;vida contemporánea;viajes;ocio;medioambiente
el cetáceo,una especie de mamífero a la que pertenecen la ballena y el delfín,cetacean,Tema 4;Contexto 3;audio;sustantivo;vida contemporánea;viajes;ocio;medioambiente
la careta,máscara; fingimiento,mask,Tema 4;Contexto 4;sustantivo;vida contemporánea;relaciones personales;amistad
aglutinante,que pega o une una cosa a otra,clinging,Tema 4;Contexto 4;adjetivo;vida contemporánea;relaciones personales;amistad
la apertura,actitud favorable a la comprensión de ideas o experiencias; acción de abrir,openness,Tema 4;Contexto 4;sustantivo;vida contemporánea;relaciones personales;amistad
homogéneo/a,"del mismo tipo o naturaleza, uniforme",homogeneous,Tema 4;Contexto 4;adjetivo;vida contemporánea;relaciones personales;amistad
perdurable,que perdura o permanece en el tiempo,lasting,Tema 4;Contexto 4;adjetivo;vida contemporánea;relaciones personales;amistad
la ductilidad,flexibilidad o maleabilidad,"ductility, flexibility, maleability",Tema 4;Contexto 4;sustantivo;vida contemporánea;relaciones personales;amistad
pertinaz,"duradero/a, obstinado/a","persistent, prolonged",Tema 4;Contexto 4;adjetivo;vida contemporánea;relaciones personales;cartas
afligirse,"entristecerse, apenarse",to grieve,Tema 4;Contexto 4;verbo;vida contemporánea;relaciones personales;cartas
extrañarse,sorprenderse,to be surprised,Tema 4;Contexto 4;verbo;vida contemporánea;relaciones personales;cartas
disimular,"ocultar, encubrir algo que se siente y padece","to hide (from someone), to conceal",Tema 4;Contexto 4;verbo;vida contemporánea;relaciones personales;cartas
el mentón,la barbilla,chin,Tema 4;Contexto 4;sustantivo;vida contemporánea;relaciones personales;cartas
el acuse de recibo,notificación de que se ha recibido algo (usualmente por correo),acknowledgment of receipt,Tema 4;Contexto 4;sustantivo;vida contemporánea;relaciones personales;cartas
a quemarropa,"de forma directa, sin rodeos","directly, to the point",Tema 4;Contexto 4;adverbio;vida contemporánea;relaciones personales;cartas
atento/a,"cortés, educado/a, formal",attentive,Tema 4;Contexto 4;adjetivo;vida contemporánea;relaciones personales;cartas
innoble,"despreciable, indigno/a",ignoble,Tema 4;Contexto 4;adjetivo;vida contemporánea;relaciones personales;cartas
ladear,inclinar hacia un lado,to tilt,Tema 4;Contexto 4;verbo;vida contemporánea;relaciones personales;cartas
humillar,"herir el amor propio o la dignidad de alguien, ofender, degradar",to humiliate,Tema 4;Contexto 4;audio;verbo;vida contemporánea;relaciones personales;arte;comunicar
la empatía,capacidad de compartir las emociones de otros y ponerse en su situación,empathy,Tema 4;Contexto 4;audio;sustantivo;vida contemporánea;relaciones personales;arte;comunicar
deteriorar,"afectar negativamente, empeorar, degenerar, destruir, romper",to deteriorate; to damage,Tema 4;Contexto 4;audio;verbo;vida contemporánea;relaciones personales;arte;comunicar
arrastrar,"llevar consigo algo pesado, literal o figurativamente",to carry; to bear,Tema 4;Contexto 4;audio;verbo;vida contemporánea;relaciones personales;arte;comunicar
el/la interlocutor(a),cada una de las personas que toman parte en un diálogo,conversational partner,Tema 4;Contexto 4;audio;sustantivo;vida contemporánea;relaciones personales;arte;comunicar
la sartén,instrumento para cocinar,frying pan,Tema 4;Cinemateca;sustantivo;vida contemporánea;cocinar
la guindilla,planta picante,chilli pepper,Tema 4;Cinemateca;sustantivo;vida contemporánea;cocinar
hundir(se),sumergir(se),to sink,Tema 4;Cinemateca;verbo;vida contemporánea;cocinar
la sobrasada,carne de cerdo,(pork) sausage,Tema 4;Cinemateca;sustantivo;vida contemporánea;cocinar
envolver,cubrir algo totalmente,to wrap,Tema 4;Cinemateca;verbo;vida contemporánea;cocinar
la coima,"soborno (Chile, Perú, Río de la Plata)",bribery,Tema 5;Contexto 1;sustantivo;desafíos mundiales;temas económicos;economía;manual
la utilidad,provecho que se saca de algo,usefulness,Tema 5;Contexto 1;sustantivo;desafíos mundiales;temas económicos;economía;manual
liar bártulos,prepararse para marcharse,to pack,Tema 5;Contexto 1;verbo;desafíos mundiales;temas económicos;economía;manual
la testarudez,"cualidad de terco, obstinado",stubbornness,Tema 5;Contexto 1;sustantivo;desafíos mundiales;temas económicos;economía;manual
la zancadilla,acción que consiste en tropezar o derribar a alguien metiéndole el pie,to trip somebody (up),Tema 5;Contexto 1;sustantivo;desafíos mundiales;temas económicos;economía;manual
desligarse,separarse,to become separated,Tema 5;Contexto 1;verbo;desafíos mundiales;temas económicos;economía;manual
el andamiaje,conjunto de bases teóricas,"structure, framework",Tema 5;Contexto 1;sustantivo;desafíos mundiales;temas económicos;economía;manual
oligofrénico/a,"idiota, imbécil",mentally handicapped,Tema 5;Contexto 1;adjetivo;desafíos mundiales;temas económicos;economía;manual
autogestionado/a,administrado/a con la participación de todos,self-managed,Tema 5;Contexto 1;adjetivo;desafíos mundiales;temas económicos;economía;micropréstamos
el monto,la cantidad,amount,Tema 5;Contexto 1;sustantivo;desafíos mundiales;temas económicos;economía;micropréstamos
el compromiso,la obligación contraída,commitment,Tema 5;Contexto 1;sustantivo;desafíos mundiales;temas económicos;economía;micropréstamos
emprender,empezar (una empresa o proyecto),to undertake,Tema 5;Contexto 1;verbo;desafíos mundiales;temas económicos;economía;micropréstamos
pretender,querer llevar a cabo algo,"to expect, to try to",Tema 5;Contexto 1;verbo;desafíos mundiales;temas económicos;economía;micropréstamos
aportar,"proporcionar, dar",to contribute,Tema 5;Contexto 1;verbo;desafíos mundiales;temas económicos;economía;micropréstamos
ejercer,practicar,to exercise (rights),Tema 5;Contexto 1;verbo;desafíos mundiales;temas económicos;economía;micropréstamos
netamente,puramente,"purely, clearly",Tema 5;Contexto 1;adverbio;desafíos mundiales;temas económicos;economía;micropréstamos
la factibilidad,cualidad de ser posible o realizable,feasibility,Tema 5;Contexto 1;sustantivo;desafíos mundiales;temas económicos;economía;micropréstamos
recaudar,cobrar,to collect (money),Tema 5;Contexto 1;verbo;desafíos mundiales;temas económicos;economía;micropréstamos
acceder,tener acceso a algo,to gain access,Tema 5;Contexto 1;audio;verbo;desafíos mundiales;temas económicos;economía;clase media
sintetizar,abreviar,"to synthesize, to summarize",Tema 5;Contexto 1;audio;verbo;desafíos mundiales;temas económicos;economía;clase media
equilibrado/a,prudente,balanced,Tema 5;Contexto 1;audio;adjetivo;desafíos mundiales;temas económicos;economía;clase media
arrojar,"generar, producir","to produce, to generate",Tema 5;Contexto 1;audio;verbo;desafíos mundiales;temas económicos;economía;clase media
formal,estable,formal,Tema 5;Contexto 1;audio;adjetivo;desafíos mundiales;temas económicos;economía;clase media
terciario/a,educación superior (más allá de la secundaria),(in this context) higher education,Tema 5;Contexto 1;audio;adjetivo;desafíos mundiales;temas económicos;economía;clase media
los estamentos,sectores semejantes de la sociedad,"class, stratum",Tema 5;Contexto 1;audio;sustantivo;desafíos mundiales;temas económicos;economía;clase media
"empinado/a, escarpado/a","inclinado/a, (terreno) abrupto",steep,Tema 5;Contexto 2;adjetivo;desafíos mundiales;medioambiente;desglaciación
crampón,pieza de metal que sirve para escalar o caminar sobre la nieve,crampon (climbing iron),Tema 5;Contexto 2;sustantivo;desafíos mundiales;medioambiente;desglaciación
asolar,"destruir, arruinar",to devastate,Tema 5;Contexto 2;verbo;desafíos mundiales;medioambiente;desglaciación
el retroceso,"el revés, la regresión",backward movement,Tema 5;Contexto 2;sustantivo;desafíos mundiales;medioambiente;desglaciación
derretir,convertir en líquido,to melt,Tema 5;Contexto 2;verbo;desafíos mundiales;medioambiente;desglaciación
la escorrentía,"el torrente, la pérdida de líquido",runoff,Tema 5;Contexto 2;sustantivo;desafíos mundiales;medioambiente;desglaciación
desbordamiento,"efecto de rebasar el límite, salirse de los bordes",overflow,Tema 5;Contexto 2;sustantivo;desafíos mundiales;medioambiente;desglaciación
un deslave,caída de tierra,landslide,Tema 5;Contexto 2;sustantivo;desafíos mundiales;medioambiente;desglaciación
arrojar,"echar, vaciar",to throw (out),Tema 5;Contexto 2;verbo;desafíos mundiales;medioambiente;desglaciación
abastecer,"proveer, suministrar",to supply,Tema 5;Contexto 2;verbo;desafíos mundiales;medioambiente;desglaciación
trepar,"escalar, subir",to climb,Tema 5;Contexto 2;verbo;desafíos mundiales;medioambiente;desglaciación
msnm,acrónimo para metros sobre el nivel del mar,MSL (mean sea level),Tema 5;Contexto 2;desafíos mundiales;medioambiente;desglaciación
sustentable,que se puede mantener o conservar,sustainable,Tema 5;Contexto 2;adjetivo;desafíos mundiales;medioambiente;consumo;sustentabilidad
el trabajo de campo,investigación que se lleva a cabo en el mismo lugar donde ocurre o se produce un fenómeno,fieldwork,Tema 5;Contexto 2;sustantivo;desafíos mundiales;medioambiente;consumo;sustentabilidad
contemplar,"analizar, examinar",to consider,Tema 5;Contexto 2;verbo;desafíos mundiales;medioambiente;consumo;sustentabilidad
involucrado/a,"envuelto/a, implicado/a",involved,Tema 5;Contexto 2;adjetivo;desafíos mundiales;medioambiente;consumo;sustentabilidad
escaso/a,"poco/a, limitado/a",scarce,Tema 5;Contexto 2;adjetivo;desafíos mundiales;medioambiente;consumo;sustentabilidad
la credibilidad,"cualidad de creíble, posible",credibility,Tema 5;Contexto 2;sustantivo;desafíos mundiales;medioambiente;consumo;sustentabilidad
la capacitación,entrenamiento para desempeñar un trabajo o adquirir habilidades,training,Tema 5;Contexto 2;audio;sustantivo;desafíos mundiales;medioambiente;capacitación
impartido/a,"ofrecido/a, dado/a","given, offered",Tema 5;Contexto 2;audio;adjetivo;desafíos mundiales;medioambiente;capacitación
brindar,proporcionar a alguien alguna cosa u oportunidad,to offer,Tema 5;Contexto 2;audio;verbo;desafíos mundiales;medioambiente;capacitación
la tala,acción de cortar un árbol,logging,Tema 5;Contexto 2;audio;sustantivo;desafíos mundiales;medioambiente;capacitación
la sensibilización,acción que hace que una persona sea más consciente de algo,raising awareness,Tema 5;Contexto 2;audio;sustantivo;desafíos mundiales;medioambiente;capacitación
en definitiva,"en resumen, en conclusión","in the end, ultimately",Tema 5;Contexto 3;adverbio;desafíos mundiales;población;demografía;arrugas
el empuje,"avance, crecimiento","push, thrust",Tema 5;Contexto 3;sustantivo;desafíos mundiales;población;demografía
albergar,"guardar, contener",to shelter,Tema 5;Contexto 3;verbo;desafíos mundiales;población;demografía
situar,"ubicar, localizar",to place,Tema 5;Contexto 3;verbo;desafíos mundiales;población;demografía
el/la aportador(a),persona o cosa que contribuye,contributor,Tema 5;Contexto 3;sustantivo;desafíos mundiales;población;demografía
el incremento,"aumento, crecimiento",increase,Tema 5;Contexto 3;sustantivo;desafíos mundiales;población;demografía
alza,"aumento, subida, elevamiento",rise,Tema 5;Contexto 3;sustantivo;desafíos mundiales;población;demografía
alcanzar,tener acceso a alguien o a algo,to reach,Tema 5;Contexto 3;verbo;desafíos mundiales;población;demografía
proveer,"dar, ofrecer",to provide,Tema 5;Contexto 3;verbo;desafíos mundiales;población;demografía
mitigar,"disminuir, aplacar",to mitigate,Tema 5;Contexto 3;verbo;desafíos mundiales;población;demografía
recabar,hacer una compilación de datos,to collect (data),Tema 5;Contexto 3;verbo;desafíos mundiales;población;demografía
la previsión,preparación que se hace para eventos futuros,estimate,Tema 5;Contexto 3;sustantivo;desafíos mundiales;población;demografía
de cara a,"teniendo en mente, tomando en cuenta",facing,Tema 5;Contexto 3;adverbio;desafíos mundiales;población;demografía
la cumbre,reunión de personas con autoridad,summit,Tema 5;Contexto 3;sustantivo;desafíos mundiales;población;demografía
lanzar,"hacer, poner en movimiento",to launch,Tema 5;Contexto 3;verbo;desafíos mundiales;población;demografía
subrayar,"enfatizar, llamar la atención sobre algo",to emphasize,Tema 5;Contexto 3;verbo;desafíos mundiales;población;demografía
darse con,encontrarse con,"to find, to run into",Tema 5;Contexto 3;verbo;desafíos mundiales;población;demografía
atesorado/a,"acumulado/a, preservado/a",treasured,Tema 5;Contexto 3;audio;adjetivo;desafíos mundiales;población;historia;patrimonio
la desazón,decepción o disgusto,"uneasiness, discomfort",Tema 5;Contexto 3;audio;sustantivo;desafíos mundiales;población;historia;patrimonio
embargar,retener,"to seize, to confiscate",Tema 5;Contexto 3;audio;verbo;desafíos mundiales;población;historia;patrimonio
postular,"proponer, pedir","to postulate, to suggest",Tema 5;Contexto 3;audio;verbo;desafíos mundiales;población;historia;patrimonio
pugnar,solicitar con empeño,"to fight, to strive",Tema 5;Contexto 3;audio;verbo;desafíos mundiales;población;historia;patrimonio
el pasacalles (la valla),aviso publicitario colgado sobre las calles o en los andenes,billboard,Tema 5;Contexto 4;sustantivo;desafíos mundiales;bienestar social;espacio público
la falencia,"error, falta o equivocación",lack,Tema 5;Contexto 4;sustantivo;desafíos mundiales;bienestar social;espacio público
la adecuación,ajuste o mejoramiento,"adjustment, improvement",Tema 5;Contexto 4;sustantivo;desafíos mundiales;bienestar social;espacio público
el andén,acera o corredor para que los peatones caminen,sidewalk,Tema 5;Contexto 4;sustantivo;desafíos mundiales;bienestar social;espacio público
ambulante,que va de un lugar a otro; itinerante,"itinerant, traveling; street vendor",Tema 5;Contexto 4;adjetivo;desafíos mundiales;bienestar social;espacio público
subsistir,sobrevivir; ganar lo necesario para vivir,to subsist,Tema 5;Contexto 4;verbo;desafíos mundiales;bienestar social;espacio público
la carga,el peso,"load, burden",Tema 5;Contexto 4;sustantivo;desafíos mundiales;bienestar social;inmigración;casualidad
presa del miedo,llena de miedo o temores,seized with fear,Tema 5;Contexto 4;adjetivo;desafíos mundiales;bienestar social;inmigración;casualidad
la patera,una embarcación pequeña y de fondo plano,dinghy,Tema 5;Contexto 4;sustantivo;desafíos mundiales;bienestar social;inmigración;casualidad
el centro de acogida,el refugio,"refuge, shelter",Tema 5;Contexto 4;sustantivo;desafíos mundiales;bienestar social;inmigración;casualidad
en trámite,que está siendo procesado,being processed,Tema 5;Contexto 4;adverbio;desafíos mundiales;bienestar social;inmigración;casualidad
caducado/a,no válido/a; que ha pasado su fecha de vigencia,"expired, lapsed",Tema 5;Contexto 4;adjetivo;desafíos mundiales;bienestar social;inmigración;casualidad
primar,"predominar, prevalecer",to prevail,Tema 5;Contexto 4;verbo;desafíos mundiales;bienestar social;inmigración;casualidad
el azar,la casualidad,chance,Tema 5;Contexto 4;sustantivo;desafíos mundiales;bienestar social;inmigración;casualidad
el epígrafe,"el enunciado, la cita",epigraph,Tema 5;Contexto 4;sustantivo;desafíos mundiales;bienestar social;inmigración;casualidad
recalcar,"enfatizar, hacer hincapié","to stress, to emphasize",Tema 5;Contexto 4;verbo;desafíos mundiales;bienestar social;inmigración;casualidad
los recortes,"reducciones, descuentos",cutbacks; reductions,Tema 5;Contexto 4;sustantivo;desafíos mundiales;bienestar social;inmigración;casualidad
auspiciar,"patrocinar, fomentar o apoyar algún proyecto",to sponsor,Tema 5;Contexto 4;audio;verbo;desafíos mundiales;bienestar social;ciudad;ciudadanos
el alcalde/la alcaldesa,la persona que gobierna un ayuntamiento de un pueblo o una ciudad,mayor,Tema 5;Contexto 4;audio;sustantivo;desafíos mundiales;bienestar social;ciudad;ciudadanos
impulsar,"incitar, estimular, promover","to encourage, to promote",Tema 5;Contexto 4;audio;verbo;desafíos mundiales;bienestar social;ciudad;ciudadanos
vinculado,"unido, asociado, relacionado",linked,Tema 5;Contexto 4;audio;adjetivo;desafíos mundiales;bienestar social;ciudad;ciudadanos
apostar,depositar la confianza en algo o alguien,"to wager, to bet",Tema 5;Contexto 4;audio;verbo;desafíos mundiales;bienestar social;ciudad;ciudadanos
el patrullaje,se refiere a la acción de vigilar para salvaguardar y proteger el orden; acción de una patrulla.,patrolling,Tema 5;Contexto 4;audio;sustantivo;desafíos mundiales;bienestar social;ciudad;ciudadanos
despedir,quitarle a alguien su trabajo,to fire,Tema 5;Cinemateca;verbo;desafíos mundiales;pecera;empleo
improcedente,sin causas o motivos válidos,"improper, inadmissible; unfair",Tema 5;Cinemateca;adjetivo;desafíos mundiales;pecera;empleo
la indemnización,el dinero que se le da a una persona cuando es despedida,compensation (for dismissal from a job),Tema 5;Cinemateca;sustantivo;desafíos mundiales;pecera;empleo
firmar,escribir una persona su nombre en un documento,to sign,Tema 5;Cinemateca;verbo;desafíos mundiales;pecera;empleo
estar/encontrarse de baja,no trabajar por motivos de salud,to be on medical leave,Tema 5;Cinemateca;verbo;desafíos mundiales;pecera;empleo
echar,despedir,"to fire, to sack",Tema 5;Cinemateca;verbo;desafíos mundiales;pecera;empleo
ayudante,asistente,assistant,Tema 5;Cinemateca;sustantivo;desafíos mundiales;pecera;empleo
demorarse,detenerse o entretenerse en algún lugar,to linger,Tema 6;Contexto 1;verbo;identidades;enajenación;asimilación;Borges
el zaguán,"entrada, vestíbulo",vestibule,Tema 6;Contexto 1;sustantivo;identidades;enajenación;asimilación;Borges
el cancel,puerta interior,patio door,Tema 6;Contexto 1;sustantivo;identidades;enajenación;asimilación;Borges
la terna,lista o grupo de tres personas,"group of three people, triplets",Tema 6;Contexto 1;sustantivo;identidades;enajenación;asimilación;Borges
tramar,planear y ejecutar con habilidad una cosa complicada,"to plot, to hatch",Tema 6;Contexto 1;verbo;identidades;enajenación;asimilación;Borges
constar,ser cierto y evidente algo,to be certain,Tema 6;Contexto 1;verbo;identidades;enajenación;asimilación;Borges
el rasgueo,acción de tocar la guitarra u otro instrumento de cuerda,strumming,Tema 6;Contexto 1;sustantivo;identidades;enajenación;asimilación;Borges
el arrabal,barrio en las afueras de la ciudad,suburb,Tema 6;Contexto 1;sustantivo;identidades;enajenación;asimilación;Borges
pelón,"cabeza sin pelo, por extensión, tierra sin vegetación",hairless; (figurative) land with no vegetation,Tema 6;Contexto 1;sustantivo;identidades;enajenación;asimilación;expulsados
trasladarse,mudarse,"to move, to relocate",Tema 6;Contexto 1;verbo;identidades;enajenación;asimilación;expulsados
un cerco de alambre,una valla de metal que marca el perímetro,a wire fence,Tema 6;Contexto 1;sustantivo;identidades;enajenación;asimilación;expulsados
padecer,sufrir,to suffer (from),Tema 6;Contexto 1;verbo;identidades;enajenación;asimilación;expulsados
pizcar,"cosechar, tomar el fruto de las plantas",(informal) to harvest,Tema 6;Contexto 1;verbo;identidades;enajenación;asimilación;expulsados
el/la conserje,la persona que limpia y mantiene un edificio,"janitor, concierge",Tema 6;Contexto 1;sustantivo;identidades;enajenación;asimilación;expulsados
desahijar,cosechar o hacer plantas menos densas,to thin out (a garden),Tema 6;Contexto 1;verbo;identidades;enajenación;asimilación;expulsados
el/la funcionario/a,"oficial, empleado/a público/a",civil servant ,Tema 6;Contexto 1;sustantivo;identidades;enajenación;asimilación;expulsados
ronco/a,fuerte y grave (cuando describe una voz o un sonido),hoarse,Tema 6;Contexto 1;adjetivo;identidades;enajenación;asimilación;expulsados
reluciente,"brillante, con superficie lisa que refleja luz",shiny,Tema 6;Contexto 1;adjetivo;identidades;enajenación;asimilación;expulsados
agachado/a,"inclinado/a, doblado/a","bowed, bent",Tema 6;Contexto 1;adjetivo;identidades;enajenación;asimilación;expulsados
el alcance,importancia,scope,Tema 6;Contexto 1;audio;sustantivo;identidades;enajenación;asimilación;guaraní
la normativa,conjunto de regulaciones o normas,regulations,Tema 6;Contexto 1;audio;sustantivo;identidades;enajenación;asimilación;guaraní
las huellas,señales,traces,Tema 6;Contexto 1;audio;sustantivo;identidades;enajenación;asimilación;guaraní
caberle,corresponderle,to be responsible for,Tema 6;Contexto 1;audio;verbo;identidades;enajenación;asimilación;guaraní
las metas,fines u objetivos,"goals, objectives",Tema 6;Contexto 2;sustantivo;identidades;autoestima
el juicio,facultad para juzgar y actuar,judgment,Tema 6;Contexto 2;sustantivo;identidades;autoestima
la convivencia,cohabitación o coexistencia,coexistence,Tema 6;Contexto 2;sustantivo;identidades;autoestima
la sensibilidad,susceptibilidad o capacidad de captar cambios o impresiones,sensitivity,Tema 6;Contexto 2;sustantivo;identidades;autoestima
complacer,agradar,to please,Tema 6;Contexto 2;verbo;identidades;autoestima
la culpabilidad,sentimiento negativo por haber cometido una falta,guilt,Tema 6;Contexto 2;sustantivo;identidades;autoestima
inquietante,que causa desasosiego o que perturba,disturbing,Tema 6;Contexto 2;adjetivo;identidades;autoestima;redes sociales;jóvenes
la actualización,efecto de poner algo al día,update,Tema 6;Contexto 2;sustantivo;identidades;autoestima;redes sociales;jóvenes
la escalada,aumento,"rise, escalation",Tema 6;Contexto 2;sustantivo;identidades;autoestima;redes sociales;jóvenes
el patrón de privación,modelo o esquema de abstención,deprivation,Tema 6;Contexto 2;sustantivo;identidades;autoestima;redes sociales;jóvenes
incesante,que no se detiene o no acaba,"incessant, non-stop",Tema 6;Contexto 2;adjetivo;identidades;autoestima;redes sociales;jóvenes
el trastorno,alteración de la salud física o mental,disorder,Tema 6;Contexto 2;sustantivo;identidades;autoestima;redes sociales;jóvenes
demacrado/a,flaco/a y agotado/a debido a la falta de nutrición o sueño,emaciated,Tema 6;Contexto 2;adjetivo;identidades;autoestima;redes sociales;jóvenes
ubicuo/a,presente en todas partes,ubiquitous,Tema 6;Contexto 2;adjetivo;identidades;autoestima;redes sociales;jóvenes
la recompensa,"retribución, gratificación",reward,Tema 6;Contexto 2;sustantivo;identidades;autoestima;redes sociales;jóvenes
agraciadamente,con gracia o facilidad,gracefully,Tema 6;Contexto 2;adverbio;identidades;autoestima;redes sociales;jóvenes
sistémico/a,relativo/a a la totalidad de un sistema,systemic,Tema 6;Contexto 2;adjetivo;identidades;autoestima;redes sociales;jóvenes
el altercado,disputa o enfrentamiento violento,"argument, altercation",Tema 6;Contexto 2;sustantivo;identidades;autoestima;redes sociales;jóvenes
misógino/a,que odia a las mujeres,misogynist,Tema 6;Contexto 2;adjetivo;identidades;autoestima;redes sociales;jóvenes
restringir,"reducir, limitar",to restrict,Tema 6;Contexto 2;verbo;identidades;autoestima;redes sociales;jóvenes
integrar,"componer, conformar","to be composed of, to be part of",Tema 6;Contexto 2;audio;verbo;identidades;autoestima;jóvenes;discapacitados
el patrocinio,ayuda prestada por alguien con poder o influencia,sponsorship,Tema 6;Contexto 2;audio;sustantivo;identidades;autoestima;jóvenes;discapacitados
vidente,que ve,sighted person,Tema 6;Contexto 2;audio;sustantivo;identidades;autoestima;jóvenes;discapacitados
la antítesis,lo opuesto,antithesis,Tema 6;Contexto 2;audio;sustantivo;identidades;autoestima;jóvenes;discapacitados
hechizar,cautivar,to bewitch,Tema 6;Contexto 2;audio;verbo;identidades;autoestima;jóvenes;discapacitados
sustentarse,"apoyarse, mantenerse","to lean on, to rely on",Tema 6;Contexto 2;audio;verbo;identidades;autoestima;jóvenes;discapacitados
el aposento,"cuarto, habitación",room,Tema 6;Contexto 3;sustantivo;identidad;identidades;Nueva España;historia
el adoratorio,templo pagano,shrine,Tema 6;Contexto 3;sustantivo;identidad;identidades;Nueva España;historia
apearse,bajarse,"to get off, to alight",Tema 6;Contexto 3;verbo;identidad;identidades;Nueva España;historia
el/la vasallo/a,criado/a,"vassal, servant",Tema 6;Contexto 3;sustantivo;identidad;identidades;Nueva España;historia
el cetro,vara usada como insignia por ciertas dignidades,scepter,Tema 6;Contexto 3;sustantivo;identidad;identidades;Nueva España;historia
sahumar,dar humo aromático,to perfume (with incense),Tema 6;Contexto 3;verbo;identidad;identidades;Nueva España;historia
apercibido/a,"dispuesto/a, preparado/a","ready, prepared",Tema 6;Contexto 3;adjetivo;identidad;identidades;Nueva España;historia
el pescuezo,parte posterior del cuello,neck,Tema 6;Contexto 3;sustantivo;identidad;identidades;Nueva España;historia
la alimaña,animal dañino para el ganado,vermin,Tema 6;Contexto 3;sustantivo;identidad;identidades;Nueva España;historia
adobado/a,"sazonado/a, condimentado/a",marinated,Tema 6;Contexto 3;adjetivo;identidad;identidades;Nueva España;historia
forjar,"formar, fabricar","to forge, to create",Tema 6;Contexto 3;verbo;identidad;identidades;ruina
toparse,"tropezar, encontrarse",to stumble; to run into,Tema 6;Contexto 3;verbo;identidad;identidades;ruina
el/la anfitrión/anfitriona,persona que recibe invitados,host / hostess,Tema 6;Contexto 3;sustantivo;identidad;identidades;ruina
el hada,ser fantástico de los cuentos dotado de poderes sobrenaturales,fairy,Tema 6;Contexto 3;sustantivo;identidad;identidades;ruina
derrumbado/a,"hundido/a, derribado/a",collapsed,Tema 6;Contexto 3;adjetivo;identidad;identidades;ruina
el tufo de moho,olor molesto causado por la humedad o la descomposición,stench of mold,Tema 6;Contexto 3;sustantivo;identidad;identidades;ruina
husmear,"curiosear, tratar de enterarse de algo que no es asunto de uno",to snoop,Tema 6;Contexto 3;verbo;identidad;identidades;ruina
permutar,cambiar una cosa por otra,"to exchange, to swap",Tema 6;Contexto 3;verbo;identidad;identidades;ruina
ingeniárselas,inventar o conseguir algo con habilidad o creatividad especial,"to contrive, to come up with",Tema 6;Contexto 3;verbo;identidad;identidades;ruina
palpable,"patente, claro/a",tangible,Tema 6;Contexto 3;adjetivo;identidad;identidades;ruina
la intemperie,"el tiempo, clima",the elements (outdoors); bad weather,Tema 6;Contexto 3;sustantivo;identidad;identidades;ruina
alentar,animar,to encourage,Tema 6;Contexto 3;verbo;identidad;identidades;ruina
proveniente,originario/a,originally from,Tema 6;Contexto 3;audio;adjetivo;identidad;identidades;Salto Ángel
autóctono/a,"nativo/a, originario/a",native,Tema 6;Contexto 3;audio;adjetivo;identidad;identidades;Salto Ángel
subrayar,"dar énfasis a algo, recalcar","to stress, to emphasize",Tema 6;Contexto 3;audio;verbo;identidad;identidades;Salto Ángel
la morada,vivienda,dwelling,Tema 6;Contexto 3;audio;sustantivo;identidad;identidades;Salto Ángel
la cima,punto más alto de una montaña,top (of a mountain),Tema 6;Contexto 3;audio;sustantivo;identidad;identidades;Salto Ángel
arribar,llegar,to arrive,Tema 6;Contexto 4;verbo;identidades;intereses;restauradores
el surtidor,aparato que reparte gasolina,gasoline pump,Tema 6;Contexto 4;sustantivo;identidades;intereses;restauradores
cristalizar,obtener un resultado,to crystallize; to become real,Tema 6;Contexto 4;verbo;identidades;intereses;restauradores
resurgir,volver a aparecer,"to reappear, to reemerge",Tema 6;Contexto 4;verbo;identidades;intereses;restauradores
apostar por,depositar confianza en una iniciativa,to bet (on),Tema 6;Contexto 4;verbo;identidades;intereses;restauradores
hacer a cero,"dejar como nuevo, hacerlo como el original",to restore; to remodel,Tema 6;Contexto 4;verbo;identidades;intereses;restauradores
el trecho,cierta distancia,distance; stretch,Tema 6;Contexto 4;sustantivo;identidades;intereses;jogging
estrujar,apretar; en este contexto: alardear,(literal) to squeeze; (here) to boast,Tema 6;Contexto 4;verbo;identidades;intereses;jogging
la rechifla,silbido de desaprobación,hissing,Tema 6;Contexto 4;sustantivo;identidades;intereses;jogging
el regocijo,alegría,joy,Tema 6;Contexto 4;sustantivo;identidades;intereses;jogging
el tramo,una parte de un camino,stretch,Tema 6;Contexto 4;sustantivo;identidades;intereses;jogging
el boquete,paso o entrada,"gap, opening",Tema 6;Contexto 4;sustantivo;identidades;intereses;jogging
orondo/a,lleno/a de presunción,"smug, self-satisfied",Tema 6;Contexto 4;adjetivo;identidades;intereses;jogging
anonadado/a,desconcertado/a,stunned,Tema 6;Contexto 4;adjetivo;identidades;intereses;jogging
paulatino/a,"lento/a, paso a paso",gradual,Tema 6;Contexto 4;adjetivo;identidades;intereses;jogging
regodeado/a,entregado/a completamente a un placer,delighted,Tema 6;Contexto 4;adjetivo;identidades;intereses;jogging
el colmado,tienda de comestibles,grocery store,Tema 6;Contexto 4;sustantivo;identidades;intereses;jogging
la grama,césped,lawn,Tema 6;Contexto 4;sustantivo;identidades;intereses;jogging
el/la mojigato/a,"que disimula humildad, hipócrita",prude,Tema 6;Contexto 4;adjetivo;identidades;intereses;jogging
deglutir,tragar,to swallow,Tema 6;Contexto 4;verbo;identidades;intereses;jogging
derrochar,gastar en abundancia,to waste,Tema 6;Contexto 4;verbo;identidades;intereses;jogging
el predio,terreno,property,Tema 6;Contexto 4;sustantivo;identidades;intereses;jogging
virar,"volver, girar","to tack, to turn",Tema 6;Contexto 4;verbo;identidades;intereses;jogging
la vaina,"cosa, asunto","(informal) thing, matter",Tema 6;Contexto 4;sustantivo;identidades;intereses;jogging
la manzana,"espacio urbano, generalmente cuadrangular, delimitado con calles por todos sus lados.",block (of a city),Tema 6;Contexto 4;sustantivo;identidades;intereses;jogging
la terraza,espacio al aire libre para sentarse fuera de un café,terrace,Tema 6;Contexto 4;audio;sustantivo;identidades;intereses;festival
el ayuntamiento,el gobierno municipal,city council; local government,Tema 6;Contexto 4;audio;sustantivo;identidades;intereses;festival
los últimos coletazos,estar a punto de terminar,throes of death ,Tema 6;Contexto 4;audio;sustantivo;identidades;intereses;festival
el concejal,miembro del concejo municipal,councilman,Tema 6;Contexto 4;audio;sustantivo;identidades;intereses;festival
el/la funcionario/a,persona que trabaja para el gobierno,civil servant,Tema 6;Contexto 4;audio;sustantivo;identidades;intereses;festival
la espada,instrumento de combate largo y cortante,sword,Tema 6;Cinemateca;sustantivo;identidades;espía;héroes
el teniente,oficial militar,lieutenant,Tema 6;Cinemateca;sustantivo;identidades;espía;héroes
la aduana,oficina que regula el tráfico entre dos fronteras,customs (office),Tema 6;Cinemateca;sustantivo;identidades;espía;héroes
el sufrir,el dolor,"suffering, pain",Tema 6;Cinemateca;sustantivo;identidades;espía;héroes
la logia,asamblea o fraternidad de masones,lodge,Tema 6;Cinemateca;sustantivo;identidades;espía;héroes
el tatuaje,marca de tinta permanente que se hace en el cuerpo,tattoo,Tema 6;Cinemateca;sustantivo;identidades;espía;héroes
capitulado/a,encargado/a de una misión militar,in charge of a military mission,Tema 6;Cinemateca;adjetivo;identidades;espía;héroes
