id,name,school_type,school_type_category,city,state,country_code,time_zone,alternate_names,
1,VHL Demo School,4-year College,1,Boston,MA,USA,Eastern Time (US & Canada),
2,A.I.M. High School,Private,2,Odessa,TX,USA,Central Time (US & Canada),
3,Abbotsford Christian Academy,Private,2,Abbotsford,WI,USA,Central Time (US & Canada),
4,Abilene Christian School,Private,2,Abilene,TX,USA,Central Time (US & Canada),
5,Abilene Christian University,4-year College,1,Abilene,TX,USA,Central Time (US & Canada),
6,Abington Friends School,Private,2,Jenkintown,PA,USA,Eastern Time (US & Canada),
7,Abraham Baldwin Agricultural College,2-year College,1,Tifton,GA,USA,Eastern Time (US & Canada),
8,Abundant Life Academy,Private,2,Hardeeville,SC,USA,Eastern Time (US & Canada),
9,Abundant Life School,Private,2,Sherwood,AR,USA,Central Time (US & Canada),
10,Academy Middle and High School,Private,2,Coral Springs,FL,USA,Eastern Time (US & Canada),
11,Academy of Art University,4-year College,1,San Francisco,CA,USA,Pacific Time (US & Canada),
12,Academy of Mount St. Ursula,Private,2,Bronx,NY,USA,Eastern Time (US & Canada),
13,Academy of Notre Dame De Namur,Private,2,Villanova,PA,USA,Eastern Time (US & Canada),
14,Academy of Our Lady of Peace,Private,2,San Diego,CA,USA,Pacific Time (US & Canada),
15,Academy of Sacred Heart High School,Private,2,Hoboken,NJ,USA,Eastern Time (US & Canada),
16,Academy of Sacred Heart New Orleans,Catholic,2,New Orleans,LA,USA,Central Time (US & Canada),
17,Academy of St. Aloysius,Private,2,Jersey City,NJ,USA,Eastern Time (US & Canada),
18,Academy of St. Elizabeth,Private,2,Convent Station,NJ,USA,Eastern Time (US & Canada),
19,Academy of St. Joseph,Private,2,Brentwood,NY,USA,Eastern Time (US & Canada),
20,Academy of the Holy Cross,Private,2,Kensington,MD,USA,Eastern Time (US & Canada),
21,Academy of the Holy Names,Catholic,2,Tampa,FL,USA,Eastern Time (US & Canada),
22,Academy of the Holy Names-Upper,Private,2,Albany,NY,USA,Eastern Time (US & Canada),
23,Academy of the New Church,Private,2,Bryn Athyn,PA,USA,Eastern Time (US & Canada),
24,Academy of the Pacific,Private,2,Honolulu,HI,USA,Hawaii,
25,Academy Plus School,Private,2,Carmel,IN,USA,Eastern Time (US & Canada),
26,Academy Scholastic Achievement,Private,2,Chicago,IL,USA,Central Time (US & Canada),
27,Acadia University,4-year College,1,Wolfville,NS,CAN,Atlantic Time (Canada),
28,Acadiana Preparatory School,Private,2,Opelousas,LA,USA,Central Time (US & Canada),
29,Accelerated Schools,Private,2,Denver,CO,USA,Mountain Time (US & Canada),
30,Ad Fontes Academy,Private,2,Fairfax Station,VA,USA,Eastern Time (US & Canada),
31,Adams County Christian Academy,Private,2,Gettysburg,PA,USA,Eastern Time (US & Canada),
32,Adams County Christian School,Private,2,Natchez,MS,USA,Central Time (US & Canada),
33,Adams State College,4-year College,1,Alamosa,CO,USA,Mountain Time (US & Canada),
34,Adelphi Academy,Private,2,Brooklyn,NY,USA,Eastern Time (US & Canada),
35,Adelphi University,4-year College,1,Garden City,NY,USA,Eastern Time (US & Canada),
36,Adirondack Cmty College,2-year College,1,Queensbury,NY,USA,Eastern Time (US & Canada),
37,Admiral Farragut Academy,Private,2,St. Petersburg,FL,USA,Eastern Time (US & Canada),
38,Adrian College,4-year College,1,Adrian,MI,USA,Eastern Time (US & Canada),
39,Agape Christian Academy,Private,2,Canton,MI,USA,Eastern Time (US & Canada),
40,Agape Corner School,Private,2,Durham,NC,USA,Eastern Time (US & Canada),
41,Agnes Irwin School,Private,2,Rosemont,PA,USA,Eastern Time (US & Canada),
42,Agnes Scott College,4-year College,1,Decatur,GA,USA,Eastern Time (US & Canada),
43,Aiken Christian School,Private,2,Aiken,SC,USA,Eastern Time (US & Canada),
44,Aiken Preparatory School,Private,2,Aiken,SC,USA,Eastern Time (US & Canada),
45,Aiken Tech College,2-year College,1,Aiken,SC,USA,Eastern Time (US & Canada),
46,Aims Community College,2-year College,1,Greeley,CO,USA,Mountain Time (US & Canada),
47,Jack M. Barrack Hebrew Academy,Private,2,Bryn Mawr,PA,USA,Eastern Time (US & Canada),
48,Al-Ghazaly High School,Private,2,Teaneck,NJ,USA,Eastern Time (US & Canada),
49,Alabama A & M University,4-year College,1,Normal,AL,USA,Central Time (US & Canada),
50,Alabama Christian Academy,Private,2,Montgomery,AL,USA,Central Time (US & Canada),
51,Alabama State University,4-year College,1,Montgomery,AL,USA,Central Time (US & Canada),
52,Alamance Christian School,Private,2,Graham,NC,USA,Eastern Time (US & Canada),
53,Alamance Cmty College,2-year College,1,Graham,NC,USA,Eastern Time (US & Canada),
54,Alaska Pacific University,4-year College,1,Anchorage,AK,USA,Alaska,
55,Albany Academy for Boys,Private,2,Albany,NY,USA,Eastern Time (US & Canada),
56,Albany Academy for Girls,Private,2,Albany,NY,USA,Eastern Time (US & Canada),
57,Albany State University,2-year College,1,Albany,GA,USA,Eastern Time (US & Canada),
58,Albemarle School,Private,2,Elizabeth Cty,NC,USA,Eastern Time (US & Canada),
59,Central New Mexico Comm College-TVI Westside,2-year College,1,Albuquerque,NM,USA,Mountain Time (US & Canada),
60,Albertson College of Idaho,4-year College,1,Caldwell,ID,USA,Mountain Time (US & Canada),
61,Albertus Magnus College,2-year College,1,New Haven,CT,USA,Eastern Time (US & Canada),
62,Albertus Magnus High School,Private,2,Bardonia,NY,USA,Eastern Time (US & Canada),
63,Albion College,4-year College,1,Albion,MI,USA,Eastern Time (US & Canada),
64,Albright College,4-year College,1,Reading,PA,USA,Eastern Time (US & Canada),
65,Albuquerque Academy,Private,2,Albuquerque,NM,USA,Mountain Time (US & Canada),
66,Alcorn State University,4-year College,1,Alcorn State,MS,USA,Central Time (US & Canada),
67,Aldersgate Christian Academy,Private,2,Cincinnati,OH,USA,Eastern Time (US & Canada),
68,Alderson Broaddus College,4-year College,1,Philippi,WV,USA,Eastern Time (US & Canada),
69,Aledo Christian School,Private,2,Aledo,TX,USA,Central Time (US & Canada),
70,Alexander Dawson School,Private,2,Lafayette,CO,USA,Mountain Time (US & Canada),
71,Alexander School,Private,2,Richardson,TX,USA,Central Time (US & Canada),
72,Alexander-Smith Academy,Private,2,Houston,TX,USA,Central Time (US & Canada),
73,Alexandria Technical College,2-year College,1,Alexandria,MN,USA,Central Time (US & Canada),
75,Alfred University,4-year College,1,Alfred,NY,USA,Eastern Time (US & Canada),
76,Algoma Christian School,Private,2,Kent City,MI,USA,Eastern Time (US & Canada),
77,Algonquin College,4-Year College,1,Ottowa,ON,CAN,Eastern Time (US & Canada),
78,Alice Lloyd College,2-year College,1,Pippa Passes,KY,USA,Eastern Time (US & Canada),
79,All Hallows High School,Private,2,Bronx,NY,USA,Eastern Time (US & Canada),
80,All Saints Academy,Private,2,Winter Haven,FL,USA,Eastern Time (US & Canada),
81,All Saints Catholic Academy,Private,2,Rochester,NY,USA,Eastern Time (US & Canada),
82,Allan Hancock College,2-year College,1,Santa Maria,CA,USA,Pacific Time (US & Canada),
83,Allegheny College,4-year College,1,Meadville,PA,USA,Eastern Time (US & Canada),
84,Alleluia Community School,Private,2,Augusta,GA,USA,Eastern Time (US & Canada),
85,Alleman High School,Private,2,Rock Island,IL,USA,Central Time (US & Canada),
86,Allen Academy,Private,2,Bryan,TX,USA,Central Time (US & Canada),
87,Allendale Columbia School,Private,2,Rochester,NY,USA,Eastern Time (US & Canada),
88,Allentown Central Catholic High School,Catholic,2,Allentown,PA,USA,Eastern Time (US & Canada),
89,Alliance Christian School,Private,2,Portsmouth,VA,USA,Eastern Time (US & Canada),
90,Alliant International University,4-Year College,1,San Diego,CA,USA,Pacific Time (US & Canada),
91,Allison Academy,Private,2,North Miami Beach,FL,USA,Eastern Time (US & Canada),
92,Alma College,2-year College,1,Alma,MI,USA,Eastern Time (US & Canada),
93,Alma Heights Christian Academy,Private,2,Pacifica,CA,USA,Pacific Time (US & Canada),
94,Almaden School,Private,2,San Jose,CA,USA,Pacific Time (US & Canada),
95,Alpena Cmty College,2-year College,1,Alpena,MI,USA,Eastern Time (US & Canada),
96,Alpha Beacon Christian School,Private,2,San Mateo,CA,USA,Pacific Time (US & Canada),
97,Alpine Christian Academy,Private,2,Basalt,CO,USA,Mountain Time (US & Canada),
98,Altamont School,Private,2,Birmingham,AL,USA,Central Time (US & Canada),
99,Altamonte Christian School,Private,2,Altamonte Spg,FL,USA,Eastern Time (US & Canada),
100,Althoff Catholic High School,Private,2,Belleville,IL,USA,Central Time (US & Canada),
101,Singapore American School,Private,2,Singapore,,SGP,Singapore,
102,University of New Hampshire,4-year College,1,Durham,NH,USA,Eastern Time (US & Canada),UNH
103,University of New Hampshire-Manchester,4-year College,1,Manchester,NH,USA,Eastern Time (US & Canada),UNH
104,University of Massachusetts-Amherst,4-year College,1,Amherst,MA,USA,Eastern Time (US & Canada),UMass
105,University of Massachusetts-Boston,4-year College,1,Boston,MA,USA,Eastern Time (US & Canada),UMass
106,University of Massachusetts-Dartmouth,4-year College,1,Dartmouth,MA,USA,Eastern Time (US & Canada),UMass
107,University of Massachusetts-Lowell,4-year College,1,Lowell,MA,USA,Eastern Time (US & Canada),UMass
