component_and_subcomponent_name,file_name,name,start_unit_rank,end_unit_rank
Activity_Pack,Activity_Pack_Answer_Key.pdf,Activity Pack Answer Key,,
Activity_Pack\Board_Game,Boards_and_Instructions.pdf,Boards and Instructions,,
Activity_Pack\Board_Game,Lessons_01-04.pdf,Lessons 01-04,1,4
Activity_Pack\Board_Game,Lessons_05-08.pdf,Lessons 05-08,5,8
Activity_Pack\Board_Game,Lessons_09-12.pdf,Lessons 09-12,9,12
Activity_Pack\Board_Game,Lessons_13-15.pdf,Lessons 13-15,13,15
Activity_Pack\Board_Game,Lessons_16-18.pdf,Lessons 16-18,16,18
Activity_Pack\Comunicacion_Activities,L01_Comunicacion_Activities.pdf,Lesson 1 - Comunicación Activities,1,
Activity_Pack\Comunicacion_Activities,L02_Comunicacion_Activities.pdf,Lesson 2 - Comunicación Activities,2,
Activity_Pack\Comunicacion_Activities,L03_Comunicacion_Activities.pdf,Lesson 3 - Comunicación Activities,3,
Activity_Pack\Comunicacion_Activities,L04_Comunicacion_Activities.pdf,Lesson 4 - Comunicación Activities,4,
Activity_Pack\Comunicacion_Activities,L05_Comunicacion_Activities.pdf,Lesson 5 - Comunicación Activities,5,
Activity_Pack\Comunicacion_Activities,L06_Comunicacion_Activities.pdf,Lesson 6 - Comunicación Activities,6,
Activity_Pack\Comunicacion_Activities,L07_Comunicacion_Activities.pdf,Lesson 7 - Comunicación Activities,7,
Activity_Pack\Comunicacion_Activities,L08_Comunicacion_Activities.pdf,Lesson 8 - Comunicación Activities,8,
Activity_Pack\Comunicacion_Activities,L09_Comunicacion_Activities.pdf,Lesson 9 - Comunicación Activities,9,
Activity_Pack\Comunicacion_Activities,L10_Comunicacion_Activities.pdf,Lesson 10 - Comunicación Activities,10,
Activity_Pack\Comunicacion_Activities,L11_Comunicacion_Activities.pdf,Lesson 11 - Comunicación Activities,11,
Activity_Pack\Comunicacion_Activities,L12_Comunicacion_Activities.pdf,Lesson 12 - Comunicación Activities,12,
Activity_Pack\Comunicacion_Activities,L13_Comunicacion_Activities.pdf,Lesson 13 - Comunicación Activities,13,
Activity_Pack\Comunicacion_Activities,L14_Comunicacion_Activities.pdf,Lesson 14 - Comunicación Activities,14,
Activity_Pack\Comunicacion_Activities,L15_Comunicacion_Activities.pdf,Lesson 15 - Comunicación Activities,15,
Activity_Pack\Comunicacion_Activities,L16_Comunicacion_Activities.pdf,Lesson 16 - Comunicación Activities,16,
Activity_Pack\Comunicacion_Activities,L17_Comunicacion_Activities.pdf,Lesson 17 - Comunicación Activities,17,
Activity_Pack\Comunicacion_Activities,L18_Comunicacion_Activities.pdf,Lesson 18 - Comunicación Activities,18,
Activity_Pack\Contextos_Activities,L01_Contextos_Activities.pdf,Lesson 1 - Contextos Activities,1,
Activity_Pack\Contextos_Activities,L02_Contextos_Activities.pdf,Lesson 2 - Contextos Activities,2,
Activity_Pack\Contextos_Activities,L03_Contextos_Activities.pdf,Lesson 3 - Contextos Activities,3,
Activity_Pack\Contextos_Activities,L04_Contextos_Activities.pdf,Lesson 4 - Contextos Activities,4,
Activity_Pack\Contextos_Activities,L05_Contextos_Activities.pdf,Lesson 5 - Contextos Activities,5,
Activity_Pack\Contextos_Activities,L06_Contextos_Activities.pdf,Lesson 6 - Contextos Activities,6,
Activity_Pack\Contextos_Activities,L07_Contextos_Activities.pdf,Lesson 7 - Contextos Activities,7,
Activity_Pack\Contextos_Activities,L08_Contextos_Activities.pdf,Lesson 8 - Contextos Activities,8,
Activity_Pack\Contextos_Activities,L09_Contextos_Activities.pdf,Lesson 9 - Contextos Activities,9,
Activity_Pack\Contextos_Activities,L10_Contextos_Activities.pdf,Lesson 10 - Contextos Activities,10,
Activity_Pack\Contextos_Activities,L11_Contextos_Activities.pdf,Lesson 11 - Contextos Activities,11,
Activity_Pack\Contextos_Activities,L12_Contextos_Activities.pdf,Lesson 12 - Contextos Activities,12,
Activity_Pack\Contextos_Activities,L13_Contextos_Activities.pdf,Lesson 13 - Contextos Activities,13,
Activity_Pack\Contextos_Activities,L14_Contextos_Activities.pdf,Lesson 14 - Contextos Activities,14,
Activity_Pack\Contextos_Activities,L15_Contextos_Activities.pdf,Lesson 15 - Contextos Activities,15,
Activity_Pack\Contextos_Activities,L16_Contextos_Activities.pdf,Lesson 16 - Contextos Activities,16,
Activity_Pack\Contextos_Activities,L17_Contextos_Activities.pdf,Lesson 17 - Contextos Activities,17,
Activity_Pack\Contextos_Activities,L18_Contextos_Activities.pdf,Lesson 18 - Contextos Activities,18,
Activity_Pack\Estructura_Activities,L01_Estructura_Activities.pdf,Lesson 1 - Estructura Activities,1,
Activity_Pack\Estructura_Activities,L02_Estructura_Activities.pdf,Lesson 2 - Estructura Activities,2,
Activity_Pack\Estructura_Activities,L03_Estructura_Activities.pdf,Lesson 3 - Estructura Activities,3,
Activity_Pack\Estructura_Activities,L04_Estructura_Activities.pdf,Lesson 4 - Estructura Activities,4,
Activity_Pack\Estructura_Activities,L05_Estructura_Activities.pdf,Lesson 5 - Estructura Activities,5,
Activity_Pack\Estructura_Activities,L06_Estructura_Activities.pdf,Lesson 6 - Estructura Activities,6,
Activity_Pack\Estructura_Activities,L07_Estructura_Activities.pdf,Lesson 7 - Estructura Activities,7,
Activity_Pack\Estructura_Activities,L08_Estructura_Activities.pdf,Lesson 8 - Estructura Activities,8,
Activity_Pack\Estructura_Activities,L09_Estructura_Activities.pdf,Lesson 9 - Estructura Activities,9,
Activity_Pack\Estructura_Activities,L10_Estructura_Activities.pdf,Lesson 10 - Estructura Activities,10,
Activity_Pack\Estructura_Activities,L11_Estructura_Activities.pdf,Lesson 11 - Estructura Activities,11,
Activity_Pack\Estructura_Activities,L12_Estructura_Activities.pdf,Lesson 12 - Estructura Activities,12,
Activity_Pack\Estructura_Activities,L13_Estructura_Activities.pdf,Lesson 13 - Estructura Activities,13,
Activity_Pack\Estructura_Activities,L14_Estructura_Activities.pdf,Lesson 14 - Estructura Activities,14,
Activity_Pack\Estructura_Activities,L15_Estructura_Activities.pdf,Lesson 15 - Estructura Activities,15,
Activity_Pack\Estructura_Activities,L16_Estructura_Activities.pdf,Lesson 16 - Estructura Activities,16,
Activity_Pack\Estructura_Activities,L17_Estructura_Activities.pdf,Lesson 17 - Estructura Activities,17,
Activity_Pack\Estructura_Activities,L18_Estructura_Activities.pdf,Lesson 18 - Estructura Activities,18,
Activity_Pack\Recapitulacion_Activities,L01_Recapitulacion_Activities.pdf,Lesson 1 - Recapitulación Activities,1,
Activity_Pack\Recapitulacion_Activities,L02_Recapitulacion_Activities.pdf,Lesson 2 - Recapitulación Activities,2,
Activity_Pack\Recapitulacion_Activities,L03_Recapitulacion_Activities.pdf,Lesson 3 - Recapitulación Activities,3,
Activity_Pack\Recapitulacion_Activities,L04_Recapitulacion_Activities.pdf,Lesson 4 - Recapitulación Activities,4,
Activity_Pack\Recapitulacion_Activities,L05_Recapitulacion_Activities.pdf,Lesson 5 - Recapitulación Activities,5,
Activity_Pack\Recapitulacion_Activities,L06_Recapitulacion_Activities.pdf,Lesson 6 - Recapitulación Activities,6,
Activity_Pack\Recapitulacion_Activities,L07_Recapitulacion_Activities.pdf,Lesson 7 - Recapitulación Activities,7,
Activity_Pack\Recapitulacion_Activities,L08_Recapitulacion_Activities.pdf,Lesson 8 - Recapitulación Activities,8,
Activity_Pack\Recapitulacion_Activities,L09_Recapitulacion_Activities.pdf,Lesson 9 - Recapitulación Activities,9,
Activity_Pack\Recapitulacion_Activities,L10_Recapitulacion_Activities.pdf,Lesson 10 - Recapitulación Activities,10,
Activity_Pack\Recapitulacion_Activities,L11_Recapitulacion_Activities.pdf,Lesson 11 - Recapitulación Activities,11,
Activity_Pack\Recapitulacion_Activities,L12_Recapitulacion_Activities.pdf,Lesson 12 - Recapitulación Activities,12,
Activity_Pack\Recapitulacion_Activities,L13_Recapitulacion_Activities.pdf,Lesson 13 - Recapitulación Activities,13,
Activity_Pack\Recapitulacion_Activities,L14_Recapitulacion_Activities.pdf,Lesson 14 - Recapitulación Activities,14,
Activity_Pack\Recapitulacion_Activities,L15_Recapitulacion_Activities.pdf,Lesson 15 - Recapitulación Activities,15,
Activity_Pack\Recapitulacion_Activities,L16_Recapitulacion_Activities.pdf,Lesson 16 - Recapitulación Activities,16,
Activity_Pack\Recapitulacion_Activities,L17_Recapitulacion_Activities.pdf,Lesson 17 - Recapitulación Activities,17,
Activity_Pack\Recapitulacion_Activities,L18_Recapitulacion_Activities.pdf,Lesson 18 - Recapitulación Activities,18,
Answer_Keys,Activity_Pack_Answer_Key.pdf,Activity Pack Answer Key,,
Answer_Keys,Lab_Manual_Answer_Key.pdf,Lab Manual Answer Key,,
Answer_Keys,Textbook_Activities_Answer_Key.pdf,Textbook Activities Answer Key,,
Answer_Keys,Video_Manual_Answer_Key.pdf,Video Manual Answer Key,,
Answer_Keys,Workbook_Answer_Key.pdf,Workbook Answer Key,,
Audio_Scripts\Lab_Audio_Scripts,L01_Lab_Audio_Script.pdf,Lesson 1 - Lab Audio Script,1,
Audio_Scripts\Lab_Audio_Scripts,L02_Lab_Audio_Script.pdf,Lesson 2 - Lab Audio Script,2,
Audio_Scripts\Lab_Audio_Scripts,L03_Lab_Audio_Script.pdf,Lesson 3 - Lab Audio Script,3,
Audio_Scripts\Lab_Audio_Scripts,L04_Lab_Audio_Script.pdf,Lesson 4 - Lab Audio Script,4,
Audio_Scripts\Lab_Audio_Scripts,L05_Lab_Audio_Script.pdf,Lesson 5 - Lab Audio Script,5,
Audio_Scripts\Lab_Audio_Scripts,L06_Lab_Audio_Script.pdf,Lesson 6 - Lab Audio Script,6,
Audio_Scripts\Lab_Audio_Scripts,L07_Lab_Audio_Script.pdf,Lesson 7 - Lab Audio Script,7,
Audio_Scripts\Lab_Audio_Scripts,L08_Lab_Audio_Script.pdf,Lesson 8 - Lab Audio Script,8,
Audio_Scripts\Lab_Audio_Scripts,L09_Lab_Audio_Script.pdf,Lesson 9 - Lab Audio Script,9,
Audio_Scripts\Lab_Audio_Scripts,L10_Lab_Audio_Script.pdf,Lesson 10 - Lab Audio Script,10,
Audio_Scripts\Lab_Audio_Scripts,L11_Lab_Audio_Script.pdf,Lesson 11 - Lab Audio Script,11,
Audio_Scripts\Lab_Audio_Scripts,L12_Lab_Audio_Script.pdf,Lesson 12 - Lab Audio Script,12,
Audio_Scripts\Lab_Audio_Scripts,L13_Lab_Audio_Script.pdf,Lesson 13 - Lab Audio Script,13,
Audio_Scripts\Lab_Audio_Scripts,L14_Lab_Audio_Script.pdf,Lesson 14 - Lab Audio Script,14,
Audio_Scripts\Lab_Audio_Scripts,L15_Lab_Audio_Script.pdf,Lesson 15 - Lab Audio Script,15,
Audio_Scripts\Lab_Audio_Scripts,L16_Lab_Audio_Script.pdf,Lesson 16 - Lab Audio Script,16,
Audio_Scripts\Lab_Audio_Scripts,L17_Lab_Audio_Script.pdf,Lesson 17 - Lab Audio Script,17,
Audio_Scripts\Lab_Audio_Scripts,L18_Lab_Audio_Script.pdf,Lesson 18 - Lab Audio Script,18,
Audio_Scripts\Textbook_Audioscript,Textbook_Audioscript.pdf,Textbook Audioscript,,
Grammar_PPTs,L01_Estructura_1-1.ppt,Lesson 1 - Estructura 1-1,1,
Grammar_PPTs,L01_Estructura_1-2.ppt,Lesson 1 - Estructura 1-2,1,
Grammar_PPTs,L01_Estructura_1-3.ppt,Lesson 1 - Estructura 1-3,1,
Grammar_PPTs,L01_Estructura_1-4.ppt,Lesson 1 - Estructura 1-4,1,
Grammar_PPTs,L02_Estructura_2-1.ppt,Lesson 2 - Estructura 2-1,2,
Grammar_PPTs,L02_Estructura_2-2.ppt,Lesson 2 - Estructura 2-2,2,
Grammar_PPTs,L02_Estructura_2-3.ppt,Lesson 2 - Estructura 2-3,2,
Grammar_PPTs,L02_Estructura_2-4.ppt,Lesson 2 - Estructura 2-4,2,
Grammar_PPTs,L03_Estructura_3-1.ppt,Lesson 3 - Estructura 3-1,3,
Grammar_PPTs,L03_Estructura_3-2.ppt,Lesson 3 - Estructura 3-2,3,
Grammar_PPTs,L03_Estructura_3-3.ppt,Lesson 3 - Estructura 3-3,3,
Grammar_PPTs,L03_Estructura_3-4.ppt,Lesson 3 - Estructura 3-4,3,
Grammar_PPTs,L04_Estructura_4-1.ppt,Lesson 4 - Estructura 4-1,4,
Grammar_PPTs,L04_Estructura_4-2.ppt,Lesson 4 - Estructura 4-2,4,
Grammar_PPTs,L04_Estructura_4-3.ppt,Lesson 4 - Estructura 4-3,4,
Grammar_PPTs,L04_Estructura_4-4.ppt,Lesson 4 - Estructura 4-4,4,
Grammar_PPTs,L05_Estructura_5-1.ppt,Lesson 5 - Estructura 5-1,5,
Grammar_PPTs,L05_Estructura_5-2.ppt,Lesson 5 - Estructura 5-2,5,
Grammar_PPTs,L05_Estructura_5-3.ppt,Lesson 5 - Estructura 5-3,5,
Grammar_PPTs,L05_Estructura_5-4.ppt,Lesson 5 - Estructura 5-4,5,
Grammar_PPTs,L06_Estructura_6-1.ppt,Lesson 6 - Estructura 6-1,6,
Grammar_PPTs,L06_Estructura_6-2.ppt,Lesson 6 - Estructura 6-2,6,
Grammar_PPTs,L06_Estructura_6-3.ppt,Lesson 6 - Estructura 6-3,6,
Grammar_PPTs,L06_Estructura_6-4.ppt,Lesson 6 - Estructura 6-4,6,
Grammar_PPTs,L07_Estructura_7-1.ppt,Lesson 7 - Estructura 7-1,7,
Grammar_PPTs,L07_Estructura_7-2.ppt,Lesson 7 - Estructura 7-2,7,
Grammar_PPTs,L07_Estructura_7-3.ppt,Lesson 7 - Estructura 7-3,7,
Grammar_PPTs,L07_Estructura_7-4.ppt,Lesson 7 - Estructura 7-4,7,
Grammar_PPTs,L08_Estructura_8-1.ppt,Lesson 8 - Estructura 8-1,8,
Grammar_PPTs,L08_Estructura_8-2.ppt,Lesson 8 - Estructura 8-2,8,
Grammar_PPTs,L08_Estructura_8-3.ppt,Lesson 8 - Estructura 8-3,8,
Grammar_PPTs,L08_Estructura_8-4.ppt,Lesson 8 - Estructura 8-4,8,
Grammar_PPTs,L09_Estructura_9-1.ppt,Lesson 9 - Estructura 9-1,9,
Grammar_PPTs,L09_Estructura_9-2.ppt,Lesson 9 - Estructura 9-2,9,
Grammar_PPTs,L09_Estructura_9-3.ppt,Lesson 9 - Estructura 9-3,9,
Grammar_PPTs,L09_Estructura_9-4.ppt,Lesson 9 - Estructura 9-4,9,
Grammar_PPTs,L10_Estructura_10-1.ppt,Lesson 10 - Estructura 10-1,10,
Grammar_PPTs,L10_Estructura_10-2.ppt,Lesson 10 - Estructura 10-2,10,
Grammar_PPTs,L10_Estructura_10-3.ppt,Lesson 10 - Estructura 10-3,10,
Grammar_PPTs,L10_Estructura_10-4.ppt,Lesson 10 - Estructura 10-4,10,
Grammar_PPTs,L11_Estructura_11-1.ppt,Lesson 11 - Estructura 11-1,11,
Grammar_PPTs,L11_Estructura_11-2.ppt,Lesson 11 - Estructura 11-2,11,
Grammar_PPTs,L11_Estructura_11-3.ppt,Lesson 11 - Estructura 11-3,11,
Grammar_PPTs,L11_Estructura_11-4.ppt,Lesson 11 - Estructura 11-4,11,
Grammar_PPTs,L12_Estructura_12-1.ppt,Lesson 12 - Estructura 12-1,12,
Grammar_PPTs,L12_Estructura_12-2.ppt,Lesson 12 - Estructura 12-2,12,
Grammar_PPTs,L12_Estructura_12-3.ppt,Lesson 12 - Estructura 12-3,12,
Grammar_PPTs,L12_Estructura_12-4.ppt,Lesson 12 - Estructura 12-4,12,
Grammar_PPTs,L13_Estructura_13-1.ppt,Lesson 13 - Estructura 13-1,13,
Grammar_PPTs,L13_Estructura_13-2.ppt,Lesson 13 - Estructura 13-2,13,
Grammar_PPTs,L13_Estructura_13-3.ppt,Lesson 13 - Estructura 13-3,13,
Grammar_PPTs,L14_Estructura_14-1.ppt,Lesson 14 - Estructura 14-1,14,
Grammar_PPTs,L14_Estructura_14-2.ppt,Lesson 14 - Estructura 14-2,14,
Grammar_PPTs,L14_Estructura_14-3.ppt,Lesson 14 - Estructura 14-3,14,
Grammar_PPTs,L15_Estructura_15-1.ppt,Lesson 15 - Estructura 15-1,15,
Grammar_PPTs,L15_Estructura_15-2.ppt,Lesson 15 - Estructura 15-2,15,
Grammar_PPTs,L15_Estructura_15-3.ppt,Lesson 15 - Estructura 15-3,15,
Grammar_PPTs,L16_Estructura_16-1.ppt,Lesson 16 - Estructura 16-1,16,
Grammar_PPTs,L16_Estructura_16-2.ppt,Lesson 16 - Estructura 16-2,16,
Grammar_PPTs,L16_Estructura_16-3.ppt,Lesson 16 - Estructura 16-3,16,
Grammar_PPTs,L17_Estructura_17-1.ppt,Lesson 17 - Estructura 17-1,17,
Grammar_PPTs,L17_Estructura_17-2.ppt,Lesson 17 - Estructura 17-2,17,
Grammar_PPTs,L17_Estructura_17-3.ppt,Lesson 17 - Estructura 17-3,17,
Grammar_PPTs,L18_Estructura_18-1.ppt,Lesson 18 - Estructura 18-1,18,
Grammar_PPTs,L18_Estructura_18-2.ppt,Lesson 18 - Estructura 18-2,18,
Lesson_Plans,General_Suggestions.rtf,General Suggestions,,
Lesson_Plans\Lesson_Plans_Templates_for_Lesson_5,Lesson_Plan_A.rtf,Lesson Plan A,,
Lesson_Plans\Lesson_Plans_Templates_for_Lesson_5,Lesson_Plan_B.rtf,Lesson Plan B,,
Lesson_Plans\Lesson_Plans_Templates_for_Lesson_5,Lesson_Plan_C.rtf,Lesson Plan C,,
Lesson_Plans\Lesson_Plans_Templates_for_Lesson_5,Lesson_Plan_D.rtf,Lesson Plan D,,
Lesson_Plans\Lesson_Plans_Templates_for_Lesson_5,Lesson_Plan_E.rtf,Lesson Plan E,,
Overhead_Transparencies,00_Index_for_Overhead_Transparencies.pdf,00 Index for Overhead  Transparencies,,
Overhead_Transparencies,Overhead01_Maps_Mexico.pdf,Overhead 01 - Maps Mexico,,
Overhead_Transparencies,Overhead02_Maps_Mexico_labels.pdf,Overhead 02 - Maps Mexico labels,,
Overhead_Transparencies,Overhead03_Maps_Central_America_Caribbean.pdf,Overhead 03 - Maps Central America Caribbean,,
Overhead_Transparencies,Overhead04_Maps_Central_America_Caribbean_labels.pdf,Overhead 04 - Maps Central America Caribbean labels,,
Overhead_Transparencies,Overhead05_Maps_South_America.pdf,Overhead 05 - Maps South America,,
Overhead_Transparencies,Overhead06_Maps_South_America_labels.pdf,Overhead 06 - Maps South America labels,,
Overhead_Transparencies,Overhead07_Maps_Spain.pdf,Overhead 07 - Maps Spain,,
Overhead_Transparencies,Overhead08_Maps_Spain_labels.pdf,Overhead 08 - Maps Spain labels,,
Overhead_Transparencies,Overhead09_L01_Contextos_Hola_que_tal.pdf,Overhead 09 - Lesson 1 - Contextos Hola que tal,,
Overhead_Transparencies,Overhead10_L01_Contextos_Hola_que_tal_labels.pdf,Overhead 10 - Lesson 1 - Contextos Hola que tal labels,,
Overhead_Transparencies,Overhead11_L01_Estructura_1-4_Telling_time.pdf,Overhead 11 - Lesson 1 - Estructura 1-4 Telling time,,
Overhead_Transparencies,Overhead12_L01_Panorama_Estados_Unidos_Canada.pdf,Overhead 12 - Lesson 1 - Panorama Estados Unidos Canada,,
Overhead_Transparencies,Overhead13_L02_Contextos_Universidad.pdf,Overhead 13 - Lesson 2 - Contextos Universidad,,
Overhead_Transparencies,Overhead14_L02_Estructura_2-3_Present_tense_of_estar.pdf,Overhead 14 - Lesson 2 - Estructura 2-3 Present tense of estar,,
Overhead_Transparencies,Overhead15_L02_Panorama_Espana.pdf,Overhead 15 - Lesson 2 - Panorama Espana,,
Overhead_Transparencies,Overhead16_L03_Contextos_La_familia.pdf,Overhead 16 - Lesson 3 - Contextos La familia,,
Overhead_Transparencies,Overhead17_L03_Contextos_Una_familia.pdf,Overhead 17 - Lesson 3 - Contextos Una familia,,
Overhead_Transparencies,Overhead18_L03_Panorama_Ecuador.pdf,Overhead 18 - Lesson 3 - Panorama Ecuador,,
Overhead_Transparencies,Overhead19_L04_Contextos_Los_pasatiempos.pdf,Overhead 19 - Lesson 4 - Contextos Los pasatiempos,,
Overhead_Transparencies,Overhead20_L04_Contextos_En_el_centro.pdf,Overhead 20 - Lesson 4 - Contextos En el centro,,
Overhead_Transparencies,Overhead21_L04_Panorama_Mexico.pdf,Overhead 21 - Lesson 4 - Panorama Mexico,,
Overhead_Transparencies,Overhead22_L05_Contextos_Las_vacaciones.pdf,Overhead 22 - Lesson 5 - Contextos Las vacaciones,,
Overhead_Transparencies,Overhead23_L05_Contextos_Las_estaciones.pdf,Overhead 23 - Lesson 5 - Contextos Las estaciones,,
Overhead_Transparencies,Overhead24_L05_Contextos_El_tiempo.pdf,Overhead 24 - Lesson 5 - Contextos El tiempo,,
Overhead_Transparencies,Overhead25_L05_Estructura_5-2_Present_progressive.pdf,Overhead 25 - Lesson 5 - Estructura 5-2 Present progressive,,
Overhead_Transparencies,Overhead26_L05_Estructura_5-3_Ser_and_estar.pdf,Overhead 26 - Lesson 5 - Estructura 5-3 Ser and estar,,
Overhead_Transparencies,Overhead27_L05_Panorama_Puerto_Rico.pdf,Overhead 27 - Lesson 5 - Panorama Puerto Rico,,
Overhead_Transparencies,Overhead28_L06_Contextos_De_compras.pdf,Overhead 28 - Lesson 6 - Contextos De compras,,
Overhead_Transparencies,Overhead29_L06_Contextos_Los_colores.pdf,Overhead 29 - Lesson 6 - Contextos Los colores,,
Overhead_Transparencies,Overhead30_L06_Panorama_Cuba.pdf,Overhead 30 - Lesson 6 - Panorama Cuba,,
Overhead_Transparencies,Overhead31_L07_Contextos_La_rutina_diaria.pdf,Overhead 31 - Lesson 7 - Contextos La rutina diaria,,
Overhead_Transparencies,Overhead32_L07_Panorama_Peru.pdf,Overhead 32 - Lesson 7 - Panorama Peru,,
Overhead_Transparencies,Overhead33_L08_Contextos_La_comida.pdf,Overhead 33 - Lesson 8 - Contextos La comida,,
Overhead_Transparencies,Overhead34_L08_Contextos_Desayuno_almuerzo_cena.pdf,Overhead 34 - Lesson 8 - Contextos Desayuno almuerzo cena,,
Overhead_Transparencies,Overhead35_L08_Panorama_Guatemala.pdf,Overhead 35 - Lesson 8 - Panorama Guatemala,,
Overhead_Transparencies,Overhead36_L09_Contextos_Las_fiesta.pdf,Overhead 36 - Lesson 9 - Contextos Las fiesta,,
Overhead_Transparencies,Overhead37_L09_Panorama_Chile.pdf,Overhead 37 - Lesson 9 - Panorama Chile,,
Overhead_Transparencies,Overhead38_L10_Contextos_En_el_consultorio.pdf,Overhead 38 - Lesson 10 - Contextos En el consultorio,,
Overhead_Transparencies,Overhead39_L10_Panorama_Costa_Rica.pdf,Overhead 39 - Lesson 10 - Panorama Costa Rica,,
Overhead_Transparencies,Overhead40_L11_Contextos_La_tecnologia.pdf,Overhead 40 - Lesson 11 - Contextos La tecnologia,,
Overhead_Transparencies,Overhead41_L11_Contextos_En_la_gasolinera.pdf,Overhead 41 - Lesson 11 - Contextos En la gasolinera,,
Overhead_Transparencies,Overhead42_L11_Panorama_Argentina.pdf,Overhead 42 - Lesson 11 - Panorama Argentina,,
Overhead_Transparencies,Overhead43_L12_Contextos_La_vivienda.pdf,Overhead 43 - Lesson 12 - Contextos La vivienda,,
Overhead_Transparencies,Overhead44_L12_Contextos_El_comedor.pdf,Overhead 44 - Lesson 12 - Contextos El comedor,,
Overhead_Transparencies,Overhead45_L12_Estructura_12-4_Subjunctive.pdf,Overhead 45 - Lesson 12 - Estructura 12-4 Subjunctive,,
Overhead_Transparencies,Overhead46_L12_Panorama_Panama.pdf,Overhead 46 - Lesson 12 - Panorama Panama,,
Overhead_Transparencies,Overhead47_L13_Contextos_La_naturaleza.pdf,Overhead 47 - Lesson 13 - Contextos La naturaleza,,
Overhead_Transparencies,Overhead48_L13_Contextos_El_reciclaje.pdf,Overhead 48 - Lesson 13 - Contextos El reciclaje,,
Overhead_Transparencies,Overhead49_L13_Panorama_Colombia.pdf,Overhead 49 - Lesson 13 - Panorama Colombia,,
Overhead_Transparencies,Overhead50_L14_Contextos_En_la_ciudad.pdf,Overhead 50 - Lesson 14 - Contextos En la ciudad,,
Overhead_Transparencies,Overhead51_L14_Contextos_En_el_correo.pdf,Overhead 51 - Lesson 14 - Contextos En el correo,,
Overhead_Transparencies,Overhead52_L14_Panorama_Venezuela.pdf,Overhead 52 - Lesson 14 - Panorama Venezuela,,
Overhead_Transparencies,Overhead53_L15_Contextos_El_bienestar.pdf,Overhead 53 - Lesson 15 - Contextos El bienestar,,
Overhead_Transparencies,Overhead54_L15_Contextos_La_nutricion.pdf,Overhead 54 - Lesson 15 - Contextos La nutricion,,
Overhead_Transparencies,Overhead55_L15_Panorama_Bolivia.pdf,Overhead 55 - Lesson 15 - Panorama Bolivia,,
Overhead_Transparencies,Overhead56_L16_Contextos_El_mundo_del_trabajo.pdf,Overhead 56 - Lesson 16 - Contextos El mundo del trabajo,,
Overhead_Transparencies,Overhead57_L16_Panorama_Nicaragua.pdf,Overhead 57 - Lesson 16 - Panorama Nicaragua,,
Overhead_Transparencies,Overhead58_L16_Panorama_Republica_Dominicana.pdf,Overhead 58 - Lesson 16 - Panorama Republica Dominicana,,
Overhead_Transparencies,Overhead59_L17_Contextos_Festival_de_arte.pdf,Overhead 59 - Lesson 17 - Contextos Festival de arte,,
Overhead_Transparencies,Overhead60_L17_Panorama_El_Salvador.pdf,Overhead 60 - Lesson 17 - Panorama El Salvador,,
Overhead_Transparencies,Overhead61_L17_Panorama_Honduras.pdf,Overhead 61 - Lesson 17 - Panorama Honduras,,
Overhead_Transparencies,Overhead62_L18_Contextos_Las_actualidades.pdf,Overhead 62 - Lesson 18 - Contextos Las actualidades,,
Overhead_Transparencies,Overhead63_L18_Panorama_Paraguay.pdf,Overhead 63 - Lesson 18 - Panorama Paraguay,,
Overhead_Transparencies,Overhead64_L18_Panorama_Uruguay.pdf,Overhead 64 - Lesson 18 - Panorama Uruguay,,
Testing_Program\Alternate_Listening_Sections,Alternate_Listening_Sections.pdf,Alternate Listening Sections,,
Testing_Program\Alternate_Listening_Sections,Alternate_Listening_Sections.rtf,Alternate Listening Sections,,
Testing_Program\Answer_Keys,Answers_to_Exams.pdf,Answers to Exams,,
Testing_Program\Answer_Keys,Answers_to_Exams.rtf,Answers to Exams,,
Testing_Program\Answer_Keys,Answers_to_Optional_Test_Sections.pdf,Answers to Optional Test Sections,,
Testing_Program\Answer_Keys,Answers_to_Optional_Test_Sections.rtf,Answers to Optional Test Sections,,
Testing_Program\Answer_Keys,Answers_to_Quizzes.pdf,Answers to Quizzes,,
Testing_Program\Answer_Keys,Answers_to_Quizzes.rtf,Answers to Quizzes,,
Testing_Program\Answer_Keys,Answers_to_Tests.pdf,Answers to Tests,,
Testing_Program\Answer_Keys,Answers_to_Tests.rtf,Answers to Tests,,
Testing_Program\Audioscripts,Audioscripts_to_Exams.pdf,Audioscripts to Exams,,
Testing_Program\Audioscripts,Audioscripts_to_Tests.pdf,Audioscripts to Tests,,
Testing_Program\Exams,L01-6_Exam_A.pdf,Lessons 1-6 - Exam A,1,
Testing_Program\Exams,L01-6_Exam_B.pdf,Lessons 1-6 - Exam B,1,
Testing_Program\Exams,L01-9_Exam_A.pdf,Lessons 1-9 - Exam A,1,
Testing_Program\Exams,L01-9_Exam_B.pdf,Lessons 1-9 - Exam B,1,
Testing_Program\Exams,L07-12_Exam_A.pdf,Lessons 7-12 - Exam A,7,12
Testing_Program\Exams,L07-12_Exam_B.pdf,Lessons 7-12 - Exam B,7,12
Testing_Program\Exams,L10-18_Exam_A.pdf,Lessons 10-18 - Exam A,10,18
Testing_Program\Exams,L10-18_Exam_B.pdf,Lessons 10-18 - Exam B,10,18
Testing_Program\Exams,L13-18_Exam_A.pdf,Lessons 13-18 - Exam A,13,18
Testing_Program\Exams,L13-18_Exam_B.pdf,Lessons 13-18 - Exam B,13,18
Testing_Program\Exams_RTFs,L01-06_Exam_A.rtf,Lessons 1-6 - Exam A,1,6
Testing_Program\Exams_RTFs,L01-06_Exam_B.rtf,Lessons 1-6 - Exam B,1,6
Testing_Program\Exams_RTFs,L01-09_Exam_A.rtf,Lessons 1-9 - Exam A,1,9
Testing_Program\Exams_RTFs,L01-09_Exam_B.rtf,Lessons 1-9 - Exam B,1,9
Testing_Program\Exams_RTFs,L07-12_Exam_A.rtf,Lessons 7-12 - Exam A,7,12
Testing_Program\Exams_RTFs,L07-12_Exam_B.rtf,Lessons 7-12 - Exam B,7,12
Testing_Program\Exams_RTFs,L10-18_Exam_A.rtf,Lessons 10-18 - Exam A,10,18
Testing_Program\Exams_RTFs,L10-18_Exam_B.rtf,Lessons 10-18 - Exam B,10,18
Testing_Program\Exams_RTFs,L13-18_Exam_A.rtf,Lessons 13-18 - Exam A,13,18
Testing_Program\Exams_RTFs,L13-18_Exam_B.rtf,Lessons 13-18 - Exam B,13,18
Testing_Program\Optional_Test_Sections,Optional_Test_Section_Flash_cultura.pdf,Optional Test Section Flash cultura,,
Testing_Program\Optional_Test_Sections,Optional_Test_Section_Fotonovela.pdf,Optional Test Section Fotonovela,,
Testing_Program\Optional_Test_Sections,Optional_Test_Section_Panorama.pdf,Optional Test Section Panorama,,
Testing_Program\Optional_Test_Sections,Optional_Test_Section_Panorama_cultural.pdf,Optional Test Section Panorama cultural,,
Testing_Program\Optional_Test_Sections_RTFs\Panorama,L01-06_Panorama_Exam.rtf,Lessons 1-6 - Panorama Exam,1,6
Testing_Program\Optional_Test_Sections_RTFs\Panorama,L01-09_Panorama_Exam.rtf,Lessons 1-9 - Panorama Exam,1,9
Testing_Program\Optional_Test_Sections_RTFs\Panorama,L01_Panorama_Test.rtf,Lesson 1 - Panorama Test,1,
Testing_Program\Optional_Test_Sections_RTFs\Panorama,L02_Panorama_Test.rtf,Lesson 2 - Panorama Test,2,
Testing_Program\Optional_Test_Sections_RTFs\Panorama,L03_Panorama_Test.rtf,Lesson 3 - Panorama Test,3,
Testing_Program\Optional_Test_Sections_RTFs\Panorama,L04_Panorama_Test.rtf,Lesson 4 - Panorama Test,4,
Testing_Program\Optional_Test_Sections_RTFs\Panorama,L05_Panorama_Test.rtf,Lesson 5 - Panorama Test,5,
Testing_Program\Optional_Test_Sections_RTFs\Panorama,L06_Panorama_Test.rtf,Lesson 6 - Panorama Test,6,
Testing_Program\Optional_Test_Sections_RTFs\Panorama,L07-12_Panorama_Exam.rtf,Lessons 7-12 - Panorama Exam,7,12
Testing_Program\Optional_Test_Sections_RTFs\Panorama,L07_Panorama_Test.rtf,Lesson 7 - Panorama Test,7,
Testing_Program\Optional_Test_Sections_RTFs\Panorama,L08_Panorama_Test.rtf,Lesson 8 - Panorama Test,8,
Testing_Program\Optional_Test_Sections_RTFs\Panorama,L09_Panorama_Test.rtf,Lesson 9 - Panorama Test,9,
Testing_Program\Optional_Test_Sections_RTFs\Panorama,L10-18_Panorama_Exam.rtf,Lessons 10-18 - Panorama Exam,10,18
Testing_Program\Optional_Test_Sections_RTFs\Panorama,L10_Panorama_Test.rtf,Lesson 10 - Panorama Test,10,
Testing_Program\Optional_Test_Sections_RTFs\Panorama,L11_Panorama_Test.rtf,Lesson 11 - Panorama Test,11,
Testing_Program\Optional_Test_Sections_RTFs\Panorama,L12_Panorama_Test.rtf,Lesson 12 - Panorama Test,12,
Testing_Program\Optional_Test_Sections_RTFs\Panorama,L13-18_Panorama_Exam.rtf,Lessons 13-18 - Panorama Exam,13,18
Testing_Program\Optional_Test_Sections_RTFs\Panorama,L13_Panorama_Test.rtf,Lesson 13 - Panorama Test,13,
Testing_Program\Optional_Test_Sections_RTFs\Panorama,L14_Panorama_Test.rtf,Lesson 14 - Panorama Test,14,
Testing_Program\Optional_Test_Sections_RTFs\Panorama,L15_Panorama_Test.rtf,Lesson 15 - Panorama Test,15,
Testing_Program\Optional_Test_Sections_RTFs\Panorama,L16_Panorama_Test.rtf,Lesson 16 - Panorama Test,16,
Testing_Program\Optional_Test_Sections_RTFs\Panorama,L17_Panorama_Test.rtf,Lesson 17 - Panorama Test,17,
Testing_Program\Optional_Test_Sections_RTFs\Panorama,L18_Panorama_Test.rtf,Lesson 18 - Panorama Test,18,
Testing_Program\Optional_Test_Sections_RTFs\Panorama_Cultural,L01-06_Panorama_Cultural_Exam.rtf,Lessons 1-6 - Panorama Cultural Exam,1,6
Testing_Program\Optional_Test_Sections_RTFs\Panorama_Cultural,L01-09_Panorama_Cultural_Exam.rtf,Lessons 1-9 - Panorama Cultural Exam,1,9
Testing_Program\Optional_Test_Sections_RTFs\Panorama_Cultural,L01_Panorama_Cultural_Test.rtf,Lesson 1 - Panorama Cultural Test,1,
Testing_Program\Optional_Test_Sections_RTFs\Panorama_Cultural,L02_Panorama_Cultural_Test.rtf,Lesson 2 - Panorama Cultural Test,2,
Testing_Program\Optional_Test_Sections_RTFs\Panorama_Cultural,L03_Panorama_Cultural_Test.rtf,Lesson 3 - Panorama Cultural Test,3,
Testing_Program\Optional_Test_Sections_RTFs\Panorama_Cultural,L04_Panorama_Cultural_Test.rtf,Lesson 4 - Panorama Cultural Test,4,
Testing_Program\Optional_Test_Sections_RTFs\Panorama_Cultural,L05_Panorama_Cultural_Test.rtf,Lesson 5 - Panorama Cultural Test,5,
Testing_Program\Optional_Test_Sections_RTFs\Panorama_Cultural,L06_Panorama_Cultural_Test.rtf,Lesson 6 - Panorama Cultural Test,6,
Testing_Program\Optional_Test_Sections_RTFs\Panorama_Cultural,L07-12_Panorama_Cultural_Exam.rtf,Lessons 7-12 - Panorama Cultural Exam,7,12
Testing_Program\Optional_Test_Sections_RTFs\Panorama_Cultural,L07_Panorama_Cultural_Test.rtf,Lesson 7 - Panorama Cultural Test,7,
Testing_Program\Optional_Test_Sections_RTFs\Panorama_Cultural,L08_Panorama_Cultural_Test.rtf,Lesson 8 - Panorama Cultural Test,8,
Testing_Program\Optional_Test_Sections_RTFs\Panorama_Cultural,L09_Panorama_Cultural_Test.rtf,Lesson 9 - Panorama Cultural Test,9,
Testing_Program\Optional_Test_Sections_RTFs\Panorama_Cultural,L10-18_Panorama_Cultural_Exam.rtf,Lessons 10-18 - Panorama Cultural Exam,10,18
Testing_Program\Optional_Test_Sections_RTFs\Panorama_Cultural,L10_Panorama_Cultural_Test.rtf,Lesson 10 - Panorama Cultural Test,10,
Testing_Program\Optional_Test_Sections_RTFs\Panorama_Cultural,L11_Panorama_Cultural_Test.rtf,Lesson 11 - Panorama Cultural Test,11,
Testing_Program\Optional_Test_Sections_RTFs\Panorama_Cultural,L12_Panorama_Cultural_Test.rtf,Lesson 12 - Panorama Cultural Test,12,
Testing_Program\Optional_Test_Sections_RTFs\Panorama_Cultural,L13-18_Panorama_Cultural_Exam.rtf,Lessons 13-18 - Panorama Cultural Exam,13,18
Testing_Program\Optional_Test_Sections_RTFs\Panorama_Cultural,L13_Panorama_Cultural_Test.rtf,Lesson 13 - Panorama Cultural Test,13,
Testing_Program\Optional_Test_Sections_RTFs\Panorama_Cultural,L14_Panorama_Cultural_Test.rtf,Lesson 14 - Panorama Cultural Test,14,
Testing_Program\Optional_Test_Sections_RTFs\Panorama_Cultural,L15_Panorama_Cultural_Test.rtf,Lesson 15 - Panorama Cultural Test,15,
Testing_Program\Optional_Test_Sections_RTFs\Panorama_Cultural,L16_Panorama_Cultural_Test.rtf,Lesson 16 - Panorama Cultural Test,16,
Testing_Program\Optional_Test_Sections_RTFs\Panorama_Cultural,L17_Panorama_Cultural_Test.rtf,Lesson 17 - Panorama Cultural Test,17,
Testing_Program\Optional_Test_Sections_RTFs\Panorama_Cultural,L18_Panorama_Cultural_Test.rtf,Lesson 18 - Panorama Cultural Test,18,
Testing_Program\Oral_Testing_Suggestions,Oral_Testing_Suggestions.pdf,Oral Testing Suggestions,,
Testing_Program\Quizzes,L01_Quiz_Contextos_A_Closed.pdf,Lesson 1 - Quiz Contextos A Closed,1,
Testing_Program\Quizzes,L01_Quiz_Contextos_B_Open.pdf,Lesson 1 - Quiz Contextos B Open,1,
Testing_Program\Quizzes,L01_Quiz_Estructura_1-1_A_Closed.pdf,Lesson 1 - Quiz Estructura 1-1 A Closed,1,
Testing_Program\Quizzes,L01_Quiz_Estructura_1-1_B_Open.pdf,Lesson 1 - Quiz Estructura 1-1 B Open,1,
Testing_Program\Quizzes,L01_Quiz_Estructura_1-2_A_Closed.pdf,Lesson 1 - Quiz Estructura 1-2 A Closed,1,
Testing_Program\Quizzes,L01_Quiz_Estructura_1-2_B_Open.pdf,Lesson 1 - Quiz Estructura 1-2 B Open,1,
Testing_Program\Quizzes,L01_Quiz_Estructura_1-3_A_Closed.pdf,Lesson 1 - Quiz Estructura 1-3 A Closed,1,
Testing_Program\Quizzes,L01_Quiz_Estructura_1-3_B_Open.pdf,Lesson 1 - Quiz Estructura 1-3 B Open,1,
Testing_Program\Quizzes,L01_Quiz_Estructura_1-4_A_Closed.pdf,Lesson 1 - Quiz Estructura 1-4 A Closed,1,
Testing_Program\Quizzes,L01_Quiz_Estructura_1-4_B_Open.pdf,Lesson 1 - Quiz Estructura 1-4 B Open,1,
Testing_Program\Quizzes,L02_Quiz_Contextos_A_Closed.pdf,Lesson 2 - Quiz Contextos A Closed,2,
Testing_Program\Quizzes,L02_Quiz_Contextos_B_Open.pdf,Lesson 2 - Quiz Contextos B Open,2,
Testing_Program\Quizzes,L02_Quiz_Estructura_2-1_A_Closed.pdf,Lesson 2 - Quiz Estructura 2-1 A Closed,2,
Testing_Program\Quizzes,L02_Quiz_Estructura_2-1_B_Open.pdf,Lesson 2 - Quiz Estructura 2-1 B Open,2,
Testing_Program\Quizzes,L02_Quiz_Estructura_2-2_A_Closed.pdf,Lesson 2 - Quiz Estructura 2-2 A Closed,2,
Testing_Program\Quizzes,L02_Quiz_Estructura_2-2_B_Open.pdf,Lesson 2 - Quiz Estructura 2-2 B Open,2,
Testing_Program\Quizzes,L02_Quiz_Estructura_2-3_A_Closed.pdf,Lesson 2 - Quiz Estructura 2-3 A Closed,2,
Testing_Program\Quizzes,L02_Quiz_Estructura_2-3_B_Open.pdf,Lesson 2 - Quiz Estructura 2-3 B Open,2,
Testing_Program\Quizzes,L02_Quiz_Estructura_2-4_A_Closed.pdf,Lesson 2 - Quiz Estructura 2-4 A Closed,2,
Testing_Program\Quizzes,L02_Quiz_Estructura_2-4_B_Open.pdf,Lesson 2 - Quiz Estructura 2-4 B Open,2,
Testing_Program\Quizzes,L03_Quiz_Contextos_A_Closed.pdf,Lesson 3 - Quiz Contextos A Closed,3,
Testing_Program\Quizzes,L03_Quiz_Contextos_B_Open.pdf,Lesson 3 - Quiz Contextos B Open,3,
Testing_Program\Quizzes,L03_Quiz_Estructura_3-1_A_Closed.pdf,Lesson 3 - Quiz Estructura 3-1 A Closed,3,
Testing_Program\Quizzes,L03_Quiz_Estructura_3-1_B_Open.pdf,Lesson 3 - Quiz Estructura 3-1 B Open,3,
Testing_Program\Quizzes,L03_Quiz_Estructura_3-2_A_Closed.pdf,Lesson 3 - Quiz Estructura 3-2 A Closed,3,
Testing_Program\Quizzes,L03_Quiz_Estructura_3-2_B_Open.pdf,Lesson 3 - Quiz Estructura 3-2 B Open,3,
Testing_Program\Quizzes,L03_Quiz_Estructura_3-3_A_Closed.pdf,Lesson 3 - Quiz Estructura 3-3 A Closed,3,
Testing_Program\Quizzes,L03_Quiz_Estructura_3-3_B_Open.pdf,Lesson 3 - Quiz Estructura 3-3 B Open,3,
Testing_Program\Quizzes,L03_Quiz_Estructura_3-4_A_Closed.pdf,Lesson 3 - Quiz Estructura 3-4 A Closed,3,
Testing_Program\Quizzes,L03_Quiz_Estructura_3-4_B_Open.pdf,Lesson 3 - Quiz Estructura 3-4 B Open,3,
Testing_Program\Quizzes,L04_Quiz_Contextos_A_Closed.pdf,Lesson 4 - Quiz Contextos A Closed,4,
Testing_Program\Quizzes,L04_Quiz_Contextos_B_Open.pdf,Lesson 4 - Quiz Contextos B Open,4,
Testing_Program\Quizzes,L04_Quiz_Estructura_4-1_A_Closed.pdf,Lesson 4 - Quiz Estructura 4-1 A Closed,4,
Testing_Program\Quizzes,L04_Quiz_Estructura_4-1_B_Open.pdf,Lesson 4 - Quiz Estructura 4-1 B Open,4,
Testing_Program\Quizzes,L04_Quiz_Estructura_4-2_A_Closed.pdf,Lesson 4 - Quiz Estructura 4-2 A Closed,4,
Testing_Program\Quizzes,L04_Quiz_Estructura_4-2_B_Open.pdf,Lesson 4 - Quiz Estructura 4-2 B Open,4,
Testing_Program\Quizzes,L04_Quiz_Estructura_4-3_A_Closed.pdf,Lesson 4 - Quiz Estructura 4-3 A Closed,4,
Testing_Program\Quizzes,L04_Quiz_Estructura_4-3_B_Open.pdf,Lesson 4 - Quiz Estructura 4-3 B Open,4,
Testing_Program\Quizzes,L04_Quiz_Estructura_4-4_A_Closed.pdf,Lesson 4 - Quiz Estructura 4-4 A Closed,4,
Testing_Program\Quizzes,L04_Quiz_Estructura_4-4_B_Open.pdf,Lesson 4 - Quiz Estructura 4-4 B Open,4,
Testing_Program\Quizzes,L05_Quiz_Contextos_A_Closed.pdf,Lesson 5 - Quiz Contextos A Closed,5,
Testing_Program\Quizzes,L05_Quiz_Contextos_B_Open.pdf,Lesson 5 - Quiz Contextos B Open,5,
Testing_Program\Quizzes,L05_Quiz_Estructura_5-1_A_Closed.pdf,Lesson 5 - Quiz Estructura 5-1 A Closed,5,
Testing_Program\Quizzes,L05_Quiz_Estructura_5-1_B_Open.pdf,Lesson 5 - Quiz Estructura 5-1 B Open,5,
Testing_Program\Quizzes,L05_Quiz_Estructura_5-2_A_Closed.pdf,Lesson 5 - Quiz Estructura 5-2 A Closed,5,
Testing_Program\Quizzes,L05_Quiz_Estructura_5-2_B_Open.pdf,Lesson 5 - Quiz Estructura 5-2 B Open,5,
Testing_Program\Quizzes,L05_Quiz_Estructura_5-3_A_Closed.pdf,Lesson 5 - Quiz Estructura 5-3 A Closed,5,
Testing_Program\Quizzes,L05_Quiz_Estructura_5-3_B_Open.pdf,Lesson 5 - Quiz Estructura 5-3 B Open,5,
Testing_Program\Quizzes,L05_Quiz_Estructura_5-4_A_Closed.pdf,Lesson 5 - Quiz Estructura 5-4 A Closed,5,
Testing_Program\Quizzes,L05_Quiz_Estructura_5-4_B_Open.pdf,Lesson 5 - Quiz Estructura 5-4 B Open,5,
Testing_Program\Quizzes,L06_Quiz_Contextos_A_Closed.pdf,Lesson 6 - Quiz Contextos A Closed,6,
Testing_Program\Quizzes,L06_Quiz_Contextos_B_Open.pdf,Lesson 6 - Quiz Contextos B Open,6,
Testing_Program\Quizzes,L06_Quiz_Estructura_6-1_A_Closed.pdf,Lesson 6 - Quiz Estructura 6-1 A Closed,6,
Testing_Program\Quizzes,L06_Quiz_Estructura_6-1_B_Open.pdf,Lesson 6 - Quiz Estructura 6-1 B Open,6,
Testing_Program\Quizzes,L06_Quiz_Estructura_6-2_A_Closed.pdf,Lesson 6 - Quiz Estructura 6-2 A Closed,6,
Testing_Program\Quizzes,L06_Quiz_Estructura_6-2_B_Open.pdf,Lesson 6 - Quiz Estructura 6-2 B Open,6,
Testing_Program\Quizzes,L06_Quiz_Estructura_6-3_A_Closed.pdf,Lesson 6 - Quiz Estructura 6-3 A Closed,6,
Testing_Program\Quizzes,L06_Quiz_Estructura_6-3_B_Open.pdf,Lesson 6 - Quiz Estructura 6-3 B Open,6,
Testing_Program\Quizzes,L06_Quiz_Estructura_6-4_A_Closed.pdf,Lesson 6 - Quiz Estructura 6-4 A Closed,6,
Testing_Program\Quizzes,L06_Quiz_Estructura_6-4_B_Open.pdf,Lesson 6 - Quiz Estructura 6-4 B Open,6,
Testing_Program\Quizzes,L07_Quiz_Contextos_A_Closed.pdf,Lesson 7 - Quiz Contextos A Closed,7,
Testing_Program\Quizzes,L07_Quiz_Contextos_B_Open.pdf,Lesson 7 - Quiz Contextos B Open,7,
Testing_Program\Quizzes,L07_Quiz_Estructura_7-1_A_Closed.pdf,Lesson 7 - Quiz Estructura 7-1 A Closed,7,
Testing_Program\Quizzes,L07_Quiz_Estructura_7-1_B_Open.pdf,Lesson 7 - Quiz Estructura 7-1 B Open,7,
Testing_Program\Quizzes,L07_Quiz_Estructura_7-2_A_Closed.pdf,Lesson 7 - Quiz Estructura 7-2 A Closed,7,
Testing_Program\Quizzes,L07_Quiz_Estructura_7-2_B_Open.pdf,Lesson 7 - Quiz Estructura 7-2 B Open,7,
Testing_Program\Quizzes,L07_Quiz_Estructura_7-3_A_Closed.pdf,Lesson 7 - Quiz Estructura 7-3 A Closed,7,
Testing_Program\Quizzes,L07_Quiz_Estructura_7-3_B_Open.pdf,Lesson 7 - Quiz Estructura 7-3 B Open,7,
Testing_Program\Quizzes,L07_Quiz_Estructura_7-4_A_Closed.pdf,Lesson 7 - Quiz Estructura 7-4 A Closed,7,
Testing_Program\Quizzes,L07_Quiz_Estructura_7-4_B_Open.pdf,Lesson 7 - Quiz Estructura 7-4 B Open,7,
Testing_Program\Quizzes,L08_Quiz_Contextos_A_Closed.pdf,Lesson 8 - Quiz Contextos A Closed,8,
Testing_Program\Quizzes,L08_Quiz_Contextos_B_Open.pdf,Lesson 8 - Quiz Contextos B Open,8,
Testing_Program\Quizzes,L08_Quiz_Estructura_8-1_A_Closed.pdf,Lesson 8 - Quiz Estructura 8-1 A Closed,8,
Testing_Program\Quizzes,L08_Quiz_Estructura_8-1_B_Open.pdf,Lesson 8 - Quiz Estructura 8-1 B Open,8,
Testing_Program\Quizzes,L08_Quiz_Estructura_8-2_A_Closed.pdf,Lesson 8 - Quiz Estructura 8-2 A Closed,8,
Testing_Program\Quizzes,L08_Quiz_Estructura_8-2_B_Open.pdf,Lesson 8 - Quiz Estructura 8-2 B Open,8,
Testing_Program\Quizzes,L08_Quiz_Estructura_8-3_A_Closed.pdf,Lesson 8 - Quiz Estructura 8-3 A Closed,8,
Testing_Program\Quizzes,L08_Quiz_Estructura_8-3_B_Open.pdf,Lesson 8 - Quiz Estructura 8-3 B Open,8,
Testing_Program\Quizzes,L08_Quiz_Estructura_8-4_A_Closed.pdf,Lesson 8 - Quiz Estructura 8-4 A Closed,8,
Testing_Program\Quizzes,L08_Quiz_Estructura_8-4_B_Open.pdf,Lesson 8 - Quiz Estructura 8-4 B Open,8,
Testing_Program\Quizzes,L09_Quiz_Contextos_A_Closed.pdf,Lesson 9 - Quiz Contextos A Closed,9,
Testing_Program\Quizzes,L09_Quiz_Contextos_B_Open.pdf,Lesson 9 - Quiz Contextos B Open,9,
Testing_Program\Quizzes,L09_Quiz_Estructura_9-1_A_Closed.pdf,Lesson 9 - Quiz Estructura 9-1 A Closed,9,
Testing_Program\Quizzes,L09_Quiz_Estructura_9-1_B_Open.pdf,Lesson 9 - Quiz Estructura 9-1 B Open,9,
Testing_Program\Quizzes,L09_Quiz_Estructura_9-2_A_Closed.pdf,Lesson 9 - Quiz Estructura 9-2 A Closed,9,
Testing_Program\Quizzes,L09_Quiz_Estructura_9-2_B_Open.pdf,Lesson 9 - Quiz Estructura 9-2 B Open,9,
Testing_Program\Quizzes,L09_Quiz_Estructura_9-3_A_Closed.pdf,Lesson 9 - Quiz Estructura 9-3 A Closed,9,
Testing_Program\Quizzes,L09_Quiz_Estructura_9-3_B_Open.pdf,Lesson 9 - Quiz Estructura 9-3 B Open,9,
Testing_Program\Quizzes,L09_Quiz_Estructura_9-4_A_Closed.pdf,Lesson 9 - Quiz Estructura 9-4 A Closed,9,
Testing_Program\Quizzes,L09_Quiz_Estructura_9-4_B_Open.pdf,Lesson 9 - Quiz Estructura 9-4 B Open,9,
Testing_Program\Quizzes,L10_Quiz_Contextos_A_Closed.pdf,Lesson 10 - Quiz Contextos A Closed,10,
Testing_Program\Quizzes,L10_Quiz_Contextos_B_Open.pdf,Lesson 10 - Quiz Contextos B Open,10,
Testing_Program\Quizzes,L10_Quiz_Estructura_10-1_A_Closed.pdf,Lesson 10 - Quiz Estructura 10-1 A Closed,10,
Testing_Program\Quizzes,L10_Quiz_Estructura_10-1_B_Open.pdf,Lesson 10 - Quiz Estructura 10-1 B Open,10,
Testing_Program\Quizzes,L10_Quiz_Estructura_10-2_A_Closed.pdf,Lesson 10 - Quiz Estructura 10-2 A Closed,10,
Testing_Program\Quizzes,L10_Quiz_Estructura_10-2_B_Open.pdf,Lesson 10 - Quiz Estructura 10-2 B Open,10,
Testing_Program\Quizzes,L10_Quiz_Estructura_10-3_A_Closed.pdf,Lesson 10 - Quiz Estructura 10-3 A Closed,10,
Testing_Program\Quizzes,L10_Quiz_Estructura_10-3_B_Open.pdf,Lesson 10 - Quiz Estructura 10-3 B Open,10,
Testing_Program\Quizzes,L10_Quiz_Estructura_10-4_A_Closed.pdf,Lesson 10 - Quiz Estructura 10-4 A Closed,10,
Testing_Program\Quizzes,L10_Quiz_Estructura_10-4_B_Open.pdf,Lesson 10 - Quiz Estructura 10-4 B Open,10,
Testing_Program\Quizzes,L11_Quiz_Contextos_A_Closed.pdf,Lesson 11 - Quiz Contextos A Closed,11,
Testing_Program\Quizzes,L11_Quiz_Contextos_B_Open.pdf,Lesson 11 - Quiz Contextos B Open,11,
Testing_Program\Quizzes,L11_Quiz_Estructura_11-1_A_Closed.pdf,Lesson 11 - Quiz Estructura 11-1 A Closed,11,
Testing_Program\Quizzes,L11_Quiz_Estructura_11-1_B_Open.pdf,Lesson 11 - Quiz Estructura 11-1 B Open,11,
Testing_Program\Quizzes,L11_Quiz_Estructura_11-2_A_Closed.pdf,Lesson 11 - Quiz Estructura 11-2 A Closed,11,
Testing_Program\Quizzes,L11_Quiz_Estructura_11-2_B_Open.pdf,Lesson 11 - Quiz Estructura 11-2 B Open,11,
Testing_Program\Quizzes,L11_Quiz_Estructura_11-3_A_Closed.pdf,Lesson 11 - Quiz Estructura 11-3 A Closed,11,
Testing_Program\Quizzes,L11_Quiz_Estructura_11-3_B_Open.pdf,Lesson 11 - Quiz Estructura 11-3 B Open,11,
Testing_Program\Quizzes,L11_Quiz_Estructura_11-4_A_Closed.pdf,Lesson 11 - Quiz Estructura 11-4 A Closed,11,
Testing_Program\Quizzes,L11_Quiz_Estructura_11-4_B_Open.pdf,Lesson 11 - Quiz Estructura 11-4 B Open,11,
Testing_Program\Quizzes,L12_Quiz_Contextos_A_Closed.pdf,Lesson 12 - Quiz Contextos A Closed,12,
Testing_Program\Quizzes,L12_Quiz_Contextos_B_Open.pdf,Lesson 12 - Quiz Contextos B Open,12,
Testing_Program\Quizzes,L12_Quiz_Estructura_12-1_A_Closed.pdf,Lesson 12 - Quiz Estructura 12-1 A Closed,12,
Testing_Program\Quizzes,L12_Quiz_Estructura_12-1_B_Open.pdf,Lesson 12 - Quiz Estructura 12-1 B Open,12,
Testing_Program\Quizzes,L12_Quiz_Estructura_12-2_A_Closed.pdf,Lesson 12 - Quiz Estructura 12-2 A Closed,12,
Testing_Program\Quizzes,L12_Quiz_Estructura_12-2_B_Open.pdf,Lesson 12 - Quiz Estructura 12-2 B Open,12,
Testing_Program\Quizzes,L12_Quiz_Estructura_12-3_A_Closed.pdf,Lesson 12 - Quiz Estructura 12-3 A Closed,12,
Testing_Program\Quizzes,L12_Quiz_Estructura_12-3_B_Open.pdf,Lesson 12 - Quiz Estructura 12-3 B Open,12,
Testing_Program\Quizzes,L12_Quiz_Estructura_12-4_A_Closed.pdf,Lesson 12 - Quiz Estructura 12-4 A Closed,12,
Testing_Program\Quizzes,L12_Quiz_Estructura_12-4_B_Open.pdf,Lesson 12 - Quiz Estructura 12-4 B Open,12,
Testing_Program\Quizzes,L13_Quiz_Contextos_A_Closed.pdf,Lesson 13 - Quiz Contextos A Closed,13,
Testing_Program\Quizzes,L13_Quiz_Contextos_B_Open.pdf,Lesson 13 - Quiz Contextos B Open,13,
Testing_Program\Quizzes,L13_Quiz_Estructura_13-1_A_Closed.pdf,Lesson 13 - Quiz Estructura 13-1 A Closed,13,
Testing_Program\Quizzes,L13_Quiz_Estructura_13-1_B_Open.pdf,Lesson 13 - Quiz Estructura 13-1 B Open,13,
Testing_Program\Quizzes,L13_Quiz_Estructura_13-2_A_Closed.pdf,Lesson 13 - Quiz Estructura 13-2 A Closed,13,
Testing_Program\Quizzes,L13_Quiz_Estructura_13-2_B_Open.pdf,Lesson 13 - Quiz Estructura 13-2 B Open,13,
Testing_Program\Quizzes,L13_Quiz_Estructura_13-3_A_Closed.pdf,Lesson 13 - Quiz Estructura 13-3 A Closed,13,
Testing_Program\Quizzes,L13_Quiz_Estructura_13-3_B_Open.pdf,Lesson 13 - Quiz Estructura 13-3 B Open,13,
Testing_Program\Quizzes,L14_Quiz_Contextos_A_Closed.pdf,Lesson 14 - Quiz Contextos A Closed,14,
Testing_Program\Quizzes,L14_Quiz_Contextos_B_Open.pdf,Lesson 14 - Quiz Contextos B Open,14,
Testing_Program\Quizzes,L14_Quiz_Estructura_14-1_A_Closed.pdf,Lesson 14 - Quiz Estructura 14-1 A Closed,14,
Testing_Program\Quizzes,L14_Quiz_Estructura_14-1_B_Open.pdf,Lesson 14 - Quiz Estructura 14-1 B Open,14,
Testing_Program\Quizzes,L14_Quiz_Estructura_14-2_A_Closed.pdf,Lesson 14 - Quiz Estructura 14-2 A Closed,14,
Testing_Program\Quizzes,L14_Quiz_Estructura_14-2_B_Open.pdf,Lesson 14 - Quiz Estructura 14-2 B Open,14,
Testing_Program\Quizzes,L14_Quiz_Estructura_14-3_A_Closed.pdf,Lesson 14 - Quiz Estructura 14-3 A Closed,14,
Testing_Program\Quizzes,L14_Quiz_Estructura_14-3_B_Open.pdf,Lesson 14 - Quiz Estructura 14-3 B Open,14,
Testing_Program\Quizzes,L15_Quiz_Contextos_A_Closed.pdf,Lesson 15 - Quiz Contextos A Closed,15,
Testing_Program\Quizzes,L15_Quiz_Contextos_B_Open.pdf,Lesson 15 - Quiz Contextos B Open,15,
Testing_Program\Quizzes,L15_Quiz_Estructura_15-1_A_Closed.pdf,Lesson 15 - Quiz Estructura 15-1 A Closed,15,
Testing_Program\Quizzes,L15_Quiz_Estructura_15-1_B_Open.pdf,Lesson 15 - Quiz Estructura 15-1 B Open,15,
Testing_Program\Quizzes,L15_Quiz_Estructura_15-2_A_Closed.pdf,Lesson 15 - Quiz Estructura 15-2 A Closed,15,
Testing_Program\Quizzes,L15_Quiz_Estructura_15-2_B_Open.pdf,Lesson 15 - Quiz Estructura 15-2 B Open,15,
Testing_Program\Quizzes,L15_Quiz_Estructura_15-3_A_Closed.pdf,Lesson 15 - Quiz Estructura 15-3 A Closed,15,
Testing_Program\Quizzes,L15_Quiz_Estructura_15-3_B_Open.pdf,Lesson 15 - Quiz Estructura 15-3 B Open,15,
Testing_Program\Quizzes,L16_Quiz_Contextos_A_Closed.pdf,Lesson 16 - Quiz Contextos A Closed,16,
Testing_Program\Quizzes,L16_Quiz_Contextos_B_Open.pdf,Lesson 16 - Quiz Contextos B Open,16,
Testing_Program\Quizzes,L16_Quiz_Estructura_16-1_A_Closed.pdf,Lesson 16 - Quiz Estructura 16-1 A Closed,16,
Testing_Program\Quizzes,L16_Quiz_Estructura_16-1_B_Open.pdf,Lesson 16 - Quiz Estructura 16-1 B Open,16,
Testing_Program\Quizzes,L16_Quiz_Estructura_16-2_A_Closed.pdf,Lesson 16 - Quiz Estructura 16-2 A Closed,16,
Testing_Program\Quizzes,L16_Quiz_Estructura_16-2_B_Open.pdf,Lesson 16 - Quiz Estructura 16-2 B Open,16,
Testing_Program\Quizzes,L16_Quiz_Estructura_16-3_A_Closed.pdf,Lesson 16 - Quiz Estructura 16-3 A Closed,16,
Testing_Program\Quizzes,L16_Quiz_Estructura_16-3_B_Open.pdf,Lesson 16 - Quiz Estructura 16-3 B Open,16,
Testing_Program\Quizzes,L17_Quiz_Contextos_A_Closed.pdf,Lesson 17 - Quiz Contextos A Closed,17,
Testing_Program\Quizzes,L17_Quiz_Contextos_B_Open.pdf,Lesson 17 - Quiz Contextos B Open,17,
Testing_Program\Quizzes,L17_Quiz_Estructura_17-1_A_Closed.pdf,Lesson 17 - Quiz Estructura 17-1 A Closed,17,
Testing_Program\Quizzes,L17_Quiz_Estructura_17-1_B_Open.pdf,Lesson 17 - Quiz Estructura 17-1 B Open,17,
Testing_Program\Quizzes,L17_Quiz_Estructura_17-2_A_Closed.pdf,Lesson 17 - Quiz Estructura 17-2 A Closed,17,
Testing_Program\Quizzes,L17_Quiz_Estructura_17-2_B_Open.pdf,Lesson 17 - Quiz Estructura 17-2 B Open,17,
Testing_Program\Quizzes,L17_Quiz_Estructura_17-3_A_Closed.pdf,Lesson 17 - Quiz Estructura 17-3 A Closed,17,
Testing_Program\Quizzes,L17_Quiz_Estructura_17-3_B_Open.pdf,Lesson 17 - Quiz Estructura 17-3 B Open,17,
Testing_Program\Quizzes,L18_Quiz_Contextos_A_Closed.pdf,Lesson 18 - Quiz Contextos A Closed,18,
Testing_Program\Quizzes,L18_Quiz_Contextos_B_Open.pdf,Lesson 18 - Quiz Contextos B Open,18,
Testing_Program\Quizzes,L18_Quiz_Estructura_18-1_A_Closed.pdf,Lesson 18 - Quiz Estructura 18-1 A Closed,18,
Testing_Program\Quizzes,L18_Quiz_Estructura_18-1_B_Open.pdf,Lesson 18 - Quiz Estructura 18-1 B Open,18,
Testing_Program\Quizzes,L18_Quiz_Estructura_18-2_A_Closed.pdf,Lesson 18 - Quiz Estructura 18-2 A Closed,18,
Testing_Program\Quizzes,L18_Quiz_Estructura_18-2_B_Open.pdf,Lesson 18 - Quiz Estructura 18-2 B Open,18,
Testing_Program\Quizzes_RTFs,L01_Quiz_Contextos_A_Closed.rtf,Lesson 1 - Quiz Contextos A Closed,1,
Testing_Program\Quizzes_RTFs,L01_Quiz_Contextos_B_Open.rtf,Lesson 1 - Quiz Contextos B Open,1,
Testing_Program\Quizzes_RTFs,L01_Quiz_Estructura_1-1_A_Closed.rtf,Lesson 1 - Quiz Estructura 1-1 A Closed,1,
Testing_Program\Quizzes_RTFs,L01_Quiz_Estructura_1-1_B_Open.rtf,Lesson 1 - Quiz Estructura 1-1 B Open,1,
Testing_Program\Quizzes_RTFs,L01_Quiz_Estructura_1-2_A_Closed.rtf,Lesson 1 - Quiz Estructura 1-2 A Closed,1,
Testing_Program\Quizzes_RTFs,L01_Quiz_Estructura_1-2_B_Open.rtf,Lesson 1 - Quiz Estructura 1-2 B Open,1,
Testing_Program\Quizzes_RTFs,L01_Quiz_Estructura_1-3_A_Closed.rtf,Lesson 1 - Quiz Estructura 1-3 A Closed,1,
Testing_Program\Quizzes_RTFs,L01_Quiz_Estructura_1-3_B_Open.rtf,Lesson 1 - Quiz Estructura 1-3 B Open,1,
Testing_Program\Quizzes_RTFs,L01_Quiz_Estructura_1-4_A_Closed.rtf,Lesson 1 - Quiz Estructura 1-4 A Closed,1,
Testing_Program\Quizzes_RTFs,L01_Quiz_Estructura_1-4_B_Open.rtf,Lesson 1 - Quiz Estructura 1-4 B Open,1,
Testing_Program\Quizzes_RTFs,L01_Quizzes_Answer_Key.rtf,Lesson 1 - Quizzes Answer Key,1,
Testing_Program\Quizzes_RTFs,L02_Quiz_Contextos_A_Closed.rtf,Lesson 2 - Quiz Contextos A Closed,2,
Testing_Program\Quizzes_RTFs,L02_Quiz_Contextos_B_Open.rtf,Lesson 2 - Quiz Contextos B Open,2,
Testing_Program\Quizzes_RTFs,L02_Quiz_Estructura_2-1_A_Closed.rtf,Lesson 2 - Quiz Estructura 2-1 A Closed,2,
Testing_Program\Quizzes_RTFs,L02_Quiz_Estructura_2-1_B_Open.rtf,Lesson 2 - Quiz Estructura 2-1 B Open,2,
Testing_Program\Quizzes_RTFs,L02_Quiz_Estructura_2-2_A_Closed.rtf,Lesson 2 - Quiz Estructura 2-2 A Closed,2,
Testing_Program\Quizzes_RTFs,L02_Quiz_Estructura_2-2_B_Open.rtf,Lesson 2 - Quiz Estructura 2-2 B Open,2,
Testing_Program\Quizzes_RTFs,L02_Quiz_Estructura_2-3_A_Closed.rtf,Lesson 2 - Quiz Estructura 2-3 A Closed,2,
Testing_Program\Quizzes_RTFs,L02_Quiz_Estructura_2-3_B_Open.rtf,Lesson 2 - Quiz Estructura 2-3 B Open,2,
Testing_Program\Quizzes_RTFs,L02_Quiz_Estructura_2-4_A_Closed.rtf,Lesson 2 - Quiz Estructura 2-4 A Closed,2,
Testing_Program\Quizzes_RTFs,L02_Quiz_Estructura_2-4_B_Open.rtf,Lesson 2 - Quiz Estructura 2-4 B Open,2,
Testing_Program\Quizzes_RTFs,L02_Quizzes_Answer_Key.rtf,Lesson 2 - Quizzes Answer Key,2,
Testing_Program\Quizzes_RTFs,L03_Quiz_Contextos_A_Closed.rtf,Lesson 3 - Quiz Contextos A Closed,3,
Testing_Program\Quizzes_RTFs,L03_Quiz_Contextos_B_Open.rtf,Lesson 3 - Quiz Contextos B Open,3,
Testing_Program\Quizzes_RTFs,L03_Quiz_Estructura_3-1_A_Closed.rtf,Lesson 3 - Quiz Estructura 3-1 A Closed,3,
Testing_Program\Quizzes_RTFs,L03_Quiz_Estructura_3-1_B_Open.rtf,Lesson 3 - Quiz Estructura 3-1 B Open,3,
Testing_Program\Quizzes_RTFs,L03_Quiz_Estructura_3-2_A_Closed.rtf,Lesson 3 - Quiz Estructura 3-2 A Closed,3,
Testing_Program\Quizzes_RTFs,L03_Quiz_Estructura_3-2_B_Open.rtf,Lesson 3 - Quiz Estructura 3-2 B Open,3,
Testing_Program\Quizzes_RTFs,L03_Quiz_Estructura_3-3_A_Closed.rtf,Lesson 3 - Quiz Estructura 3-3 A Closed,3,
Testing_Program\Quizzes_RTFs,L03_Quizzes_Answer_Key.rtf,Lesson 3 - Quizzes Answer Key,3,
Testing_Program\Quizzes_RTFs,L04_Quiz_Contextos_A_Closed.rtf,Lesson 4 - Quiz Contextos A Closed,4,
Testing_Program\Quizzes_RTFs,L04_Quiz_Contextos_B_Open.rtf,Lesson 4 - Quiz Contextos B Open,4,
Testing_Program\Quizzes_RTFs,L04_Quiz_Estructura_4-1_A_Closed.rtf,Lesson 4 - Quiz Estructura 4-1 A Closed,4,
Testing_Program\Quizzes_RTFs,L04_Quiz_Estructura_4-1_B_Open.rtf,Lesson 4 - Quiz Estructura 4-1 B Open,4,
Testing_Program\Quizzes_RTFs,L04_Quiz_Estructura_4-2_A_Closed.rtf,Lesson 4 - Quiz Estructura 4-2 A Closed,4,
Testing_Program\Quizzes_RTFs,L04_Quiz_Estructura_4-2_B_Open.rtf,Lesson 4 - Quiz Estructura 4-2 B Open,4,
Testing_Program\Quizzes_RTFs,L04_Quiz_Estructura_4-3_A_Closed.rtf,Lesson 4 - Quiz Estructura 4-3 A Closed,4,
Testing_Program\Quizzes_RTFs,L04_Quiz_Estructura_4-3_B_Open.rtf,Lesson 4 - Quiz Estructura 4-3 B Open,4,
Testing_Program\Quizzes_RTFs,L04_Quiz_Estructura_4-4_A_Closed.rtf,Lesson 4 - Quiz Estructura 4-4 A Closed,4,
Testing_Program\Quizzes_RTFs,L04_Quiz_Estructura_4-4_B_Open.rtf,Lesson 4 - Quiz Estructura 4-4 B Open,4,
Testing_Program\Quizzes_RTFs,L04_Quizzes_Answer_Key.rtf,Lesson 4 - Quizzes Answer Key,4,
Testing_Program\Quizzes_RTFs,L05_Quiz_Contextos_A_Closed.rtf,Lesson 5 - Quiz Contextos A Closed,5,
Testing_Program\Quizzes_RTFs,L05_Quiz_Contextos_B_Open.rtf,Lesson 5 - Quiz Contextos B Open,5,
Testing_Program\Quizzes_RTFs,L05_Quiz_Estructura_5-1_A_Closed.rtf,Lesson 5 - Quiz Estructura 5-1 A Closed,5,
Testing_Program\Quizzes_RTFs,L05_Quiz_Estructura_5-1_B_Open.rtf,Lesson 5 - Quiz Estructura 5-1 B Open,5,
Testing_Program\Quizzes_RTFs,L05_Quiz_Estructura_5-2_A_Closed.rtf,Lesson 5 - Quiz Estructura 5-2 A Closed,5,
Testing_Program\Quizzes_RTFs,L05_Quiz_Estructura_5-2_B_Open.rtf,Lesson 5 - Quiz Estructura 5-2 B Open,5,
Testing_Program\Quizzes_RTFs,L05_Quiz_Estructura_5-3_A_Closed.rtf,Lesson 5 - Quiz Estructura 5-3 A Closed,5,
Testing_Program\Quizzes_RTFs,L05_Quiz_Estructura_5-3_B_Open.rtf,Lesson 5 - Quiz Estructura 5-3 B Open,5,
Testing_Program\Quizzes_RTFs,L05_Quiz_Estructura_5-4_A_Closed.rtf,Lesson 5 - Quiz Estructura 5-4 A Closed,5,
Testing_Program\Quizzes_RTFs,L05_Quiz_Estructura_5-4_B_Open.rtf,Lesson 5 - Quiz Estructura 5-4 B Open,5,
Testing_Program\Quizzes_RTFs,L05_Quizzes_Answer_Key.rtf,Lesson 5 - Quizzes Answer Key,5,
Testing_Program\Quizzes_RTFs,L06_Quiz_Contextos_A_Closed.rtf,Lesson 6 - Quiz Contextos A Closed,6,
Testing_Program\Quizzes_RTFs,L06_Quiz_Contextos_B_Open.rtf,Lesson 6 - Quiz Contextos B Open,6,
Testing_Program\Quizzes_RTFs,L06_Quiz_Estructura_6-1_A_Closed.rtf,Lesson 6 - Quiz Estructura 6-1 A Closed,6,
Testing_Program\Quizzes_RTFs,L06_Quiz_Estructura_6-1_B_Open.rtf,Lesson 6 - Quiz Estructura 6-1 B Open,6,
Testing_Program\Quizzes_RTFs,L06_Quiz_Estructura_6-2_A_Closed.rtf,Lesson 6 - Quiz Estructura 6-2 A Closed,6,
Testing_Program\Quizzes_RTFs,L06_Quiz_Estructura_6-2_B_Open.rtf,Lesson 6 - Quiz Estructura 6-2 B Open,6,
Testing_Program\Quizzes_RTFs,L06_Quiz_Estructura_6-3_A_Closed.rtf,Lesson 6 - Quiz Estructura 6-3 A Closed,6,
Testing_Program\Quizzes_RTFs,L06_Quiz_Estructura_6-3_B_Open.rtf,Lesson 6 - Quiz Estructura 6-3 B Open,6,
Testing_Program\Quizzes_RTFs,L06_Quiz_Estructura_6-4_A_Closed.rtf,Lesson 6 - Quiz Estructura 6-4 A Closed,6,
Testing_Program\Quizzes_RTFs,L06_Quiz_Estructura_6-4_B_Open.rtf,Lesson 6 - Quiz Estructura 6-4 B Open,6,
Testing_Program\Quizzes_RTFs,L06_Quizzes_Answer_Key.rtf,Lesson 6 - Quizzes Answer Key,6,
Testing_Program\Quizzes_RTFs,L07_Quiz_Contextos_A_Closed.rtf,Lesson 7 - Quiz Contextos A Closed,7,
Testing_Program\Quizzes_RTFs,L07_Quiz_Contextos_B_Open.rtf,Lesson 7 - Quiz Contextos B Open,7,
Testing_Program\Quizzes_RTFs,L07_Quiz_Estructura_7-1_A_Closed.rtf,Lesson 7 - Quiz Estructura 7-1 A Closed,7,
Testing_Program\Quizzes_RTFs,L07_Quiz_Estructura_7-1_B_Open.rtf,Lesson 7 - Quiz Estructura 7-1 B Open,7,
Testing_Program\Quizzes_RTFs,L07_Quiz_Estructura_7-2_A_Closed.rtf,Lesson 7 - Quiz Estructura 7-2 A Closed,7,
Testing_Program\Quizzes_RTFs,L07_Quiz_Estructura_7-2_B_Open.rtf,Lesson 7 - Quiz Estructura 7-2 B Open,7,
Testing_Program\Quizzes_RTFs,L07_Quiz_Estructura_7-3_A_Closed.rtf,Lesson 7 - Quiz Estructura 7-3 A Closed,7,
Testing_Program\Quizzes_RTFs,L07_Quiz_Estructura_7-3_B_Open.rtf,Lesson 7 - Quiz Estructura 7-3 B Open,7,
Testing_Program\Quizzes_RTFs,L07_Quiz_Estructura_7-4_A_Closed.rtf,Lesson 7 - Quiz Estructura 7-4 A Closed,7,
Testing_Program\Quizzes_RTFs,L07_Quiz_Estructura_7-4_B_Open.rtf,Lesson 7 - Quiz Estructura 7-4 B Open,7,
Testing_Program\Quizzes_RTFs,L07_Quizzes_Answer_Key.rtf,Lesson 7 - Quizzes Answer Key,7,
Testing_Program\Quizzes_RTFs,L08_Quiz_Contextos_A_Closed.rtf,Lesson 8 - Quiz Contextos A Closed,8,
Testing_Program\Quizzes_RTFs,L08_Quiz_Contextos_B_Open.rtf,Lesson 8 - Quiz Contextos B Open,8,
Testing_Program\Quizzes_RTFs,L08_Quiz_Estructura_8-1_A_Closed.rtf,Lesson 8 - Quiz Estructura 8-1 A Closed,8,
Testing_Program\Quizzes_RTFs,L08_Quiz_Estructura_8-1_B_Open.rtf,Lesson 8 - Quiz Estructura 8-1 B Open,8,
Testing_Program\Quizzes_RTFs,L08_Quiz_Estructura_8-2_A_Closed.rtf,Lesson 8 - Quiz Estructura 8-2 A Closed,8,
Testing_Program\Quizzes_RTFs,L08_Quiz_Estructura_8-2_B_Open.rtf,Lesson 8 - Quiz Estructura 8-2 B Open,8,
Testing_Program\Quizzes_RTFs,L08_Quiz_Estructura_8-3_A_Closed.rtf,Lesson 8 - Quiz Estructura 8-3 A Closed,8,
Testing_Program\Quizzes_RTFs,L08_Quiz_Estructura_8-3_B_Open.rtf,Lesson 8 - Quiz Estructura 8-3 B Open,8,
Testing_Program\Quizzes_RTFs,L08_Quiz_Estructura_8-4_A_Closed.rtf,Lesson 8 - Quiz Estructura 8-4 A Closed,8,
Testing_Program\Quizzes_RTFs,L08_Quiz_Estructura_8-4_B_Open.rtf,Lesson 8 - Quiz Estructura 8-4 B Open,8,
Testing_Program\Quizzes_RTFs,L08_Quizzes_Answer_Key.rtf,Lesson 8 - Quizzes Answer Key,8,
Testing_Program\Quizzes_RTFs,L09_Quiz_Contextos_A_Closed.rtf,Lesson 9 - Quiz Contextos A Closed,9,
Testing_Program\Quizzes_RTFs,L09_Quiz_Contextos_B_Open.rtf,Lesson 9 - Quiz Contextos B Open,9,
Testing_Program\Quizzes_RTFs,L09_Quiz_Estructura_9-1_A_Closed.rtf,Lesson 9 - Quiz Estructura 9-1 A Closed,9,
Testing_Program\Quizzes_RTFs,L09_Quiz_Estructura_9-1_B_Open.rtf,Lesson 9 - Quiz Estructura 9-1 B Open,9,
Testing_Program\Quizzes_RTFs,L09_Quiz_Estructura_9-2_A_Closed.rtf,Lesson 9 - Quiz Estructura 9-2 A Closed,9,
Testing_Program\Quizzes_RTFs,L09_Quiz_Estructura_9-2_B_Open.rtf,Lesson 9 - Quiz Estructura 9-2 B Open,9,
Testing_Program\Quizzes_RTFs,L09_Quiz_Estructura_9-3_A_Closed.rtf,Lesson 9 - Quiz Estructura 9-3 A Closed,9,
Testing_Program\Quizzes_RTFs,L09_Quiz_Estructura_9-3_B_Open.rtf,Lesson 9 - Quiz Estructura 9-3 B Open,9,
Testing_Program\Quizzes_RTFs,L09_Quiz_Estructura_9-4_A_Closed.rtf,Lesson 9 - Quiz Estructura 9-4 A Closed,9,
Testing_Program\Quizzes_RTFs,L09_Quiz_Estructura_9-4_B_Open.rtf,Lesson 9 - Quiz Estructura 9-4 B Open,9,
Testing_Program\Quizzes_RTFs,L09_Quizzes_Answer_Key.rtf,Lesson 9 - Quizzes Answer Key,9,
Testing_Program\Quizzes_RTFs,L10_Quiz_Contextos_A_Closed.rtf,Lesson 10 - Quiz Contextos A Closed,10,
Testing_Program\Quizzes_RTFs,L10_Quiz_Contextos_B_Open.rtf,Lesson 10 - Quiz Contextos B Open,10,
Testing_Program\Quizzes_RTFs,L10_Quiz_Estructura_10-1_A_Closed.rtf,Lesson 10 - Quiz Estructura 10-1 A Closed,10,
Testing_Program\Quizzes_RTFs,L10_Quiz_Estructura_10-1_B_Open.rtf,Lesson 10 - Quiz Estructura 10-1 B Open,10,
Testing_Program\Quizzes_RTFs,L10_Quiz_Estructura_10-2_A_Closed.rtf,Lesson 10 - Quiz Estructura 10-2 A Closed,10,
Testing_Program\Quizzes_RTFs,L10_Quiz_Estructura_10-2_B_Open.rtf,Lesson 10 - Quiz Estructura 10-2 B Open,10,
Testing_Program\Quizzes_RTFs,L10_Quiz_Estructura_10-3_A_Closed.rtf,Lesson 10 - Quiz Estructura 10-3 A Closed,10,
Testing_Program\Quizzes_RTFs,L10_Quiz_Estructura_10-3_B_Open.rtf,Lesson 10 - Quiz Estructura 10-3 B Open,10,
Testing_Program\Quizzes_RTFs,L10_Quiz_Estructura_10-4_A_Closed.rtf,Lesson 10 - Quiz Estructura 10-4 A Closed,10,
Testing_Program\Quizzes_RTFs,L10_Quiz_Estructura_10-4_B_Open.rtf,Lesson 10 - Quiz Estructura 10-4 B Open,10,
Testing_Program\Quizzes_RTFs,L10_Quizzes_Answer_Key.rtf,Lesson 10 - Quizzes Answer Key,10,
Testing_Program\Quizzes_RTFs,L11_Quiz_Contextos_A_Closed.rtf,Lesson 11 - Quiz Contextos A Closed,11,
Testing_Program\Quizzes_RTFs,L11_Quiz_Contextos_B_Open.rtf,Lesson 11 - Quiz Contextos B Open,11,
Testing_Program\Quizzes_RTFs,L11_Quiz_Estructura_11-1_A_Closed.rtf,Lesson 11 - Quiz Estructura 11-1 A Closed,11,
Testing_Program\Quizzes_RTFs,L11_Quiz_Estructura_11-1_B_Open.rtf,Lesson 11 - Quiz Estructura 11-1 B Open,11,
Testing_Program\Quizzes_RTFs,L11_Quiz_Estructura_11-2_A_Closed.rtf,Lesson 11 - Quiz Estructura 11-2 A Closed,11,
Testing_Program\Quizzes_RTFs,L11_Quiz_Estructura_11-2_B_Open.rtf,Lesson 11 - Quiz Estructura 11-2 B Open,11,
Testing_Program\Quizzes_RTFs,L11_Quiz_Estructura_11-3_A_Closed.rtf,Lesson 11 - Quiz Estructura 11-3 A Closed,11,
Testing_Program\Quizzes_RTFs,L11_Quiz_Estructura_11-3_B_Open.rtf,Lesson 11 - Quiz Estructura 11-3 B Open,11,
Testing_Program\Quizzes_RTFs,L11_Quiz_Estructura_11-4_A_Closed.rtf,Lesson 11 - Quiz Estructura 11-4 A Closed,11,
Testing_Program\Quizzes_RTFs,L11_Quiz_Estructura_11-4_B_Open.rtf,Lesson 11 - Quiz Estructura 11-4 B Open,11,
Testing_Program\Quizzes_RTFs,L11_Quizzes_Answer_Key.rtf,Lesson 11 - Quizzes Answer Key,11,
Testing_Program\Quizzes_RTFs,L12_Quiz_Contextos_A_Closed.rtf,Lesson 12 - Quiz Contextos A Closed,12,
Testing_Program\Quizzes_RTFs,L12_Quiz_Contextos_B_Open.rtf,Lesson 12 - Quiz Contextos B Open,12,
Testing_Program\Quizzes_RTFs,L12_Quiz_Estructura_12-1_A_Closed.rtf,Lesson 12 - Quiz Estructura 12-1 A Closed,12,
Testing_Program\Quizzes_RTFs,L12_Quiz_Estructura_12-1_B_Open.rtf,Lesson 12 - Quiz Estructura 12-1 B Open,12,
Testing_Program\Quizzes_RTFs,L12_Quiz_Estructura_12-2_A_Closed.rtf,Lesson 12 - Quiz Estructura 12-2 A Closed,12,
Testing_Program\Quizzes_RTFs,L12_Quiz_Estructura_12-2_B_Open.rtf,Lesson 12 - Quiz Estructura 12-2 B Open,12,
Testing_Program\Quizzes_RTFs,L12_Quiz_Estructura_12-3_A_Closed.rtf,Lesson 12 - Quiz Estructura 12-3 A Closed,12,
Testing_Program\Quizzes_RTFs,L12_Quiz_Estructura_12-3_B_Open.rtf,Lesson 12 - Quiz Estructura 12-3 B Open,12,
Testing_Program\Quizzes_RTFs,L12_Quiz_Estructura_12-4_A_Closed.rtf,Lesson 12 - Quiz Estructura 12-4 A Closed,12,
Testing_Program\Quizzes_RTFs,L12_Quiz_Estructura_12-4_B_Open.rtf,Lesson 12 - Quiz Estructura 12-4 B Open,12,
Testing_Program\Quizzes_RTFs,L12_Quizzes_Answer_Key.rtf,Lesson 12 - Quizzes Answer Key,12,
Testing_Program\Quizzes_RTFs,L13_Quiz_Contextos_A_Closed.rtf,Lesson 13 - Quiz Contextos A Closed,13,
Testing_Program\Quizzes_RTFs,L13_Quiz_Contextos_B_Open.rtf,Lesson 13 - Quiz Contextos B Open,13,
Testing_Program\Quizzes_RTFs,L13_Quiz_Estructura_13-1_A_Closed.rtf,Lesson 13 - Quiz Estructura 13-1 A Closed,13,
Testing_Program\Quizzes_RTFs,L13_Quiz_Estructura_13-1_B_Open.rtf,Lesson 13 - Quiz Estructura 13-1 B Open,13,
Testing_Program\Quizzes_RTFs,L13_Quiz_Estructura_13-2_A_Closed.rtf,Lesson 13 - Quiz Estructura 13-2 A Closed,13,
Testing_Program\Quizzes_RTFs,L13_Quiz_Estructura_13-2_B_Open.rtf,Lesson 13 - Quiz Estructura 13-2 B Open,13,
Testing_Program\Quizzes_RTFs,L13_Quiz_Estructura_13-3_A_Closed.rtf,Lesson 13 - Quiz Estructura 13-3 A Closed,13,
Testing_Program\Quizzes_RTFs,L13_Quiz_Estructura_13-3_B_Open.rtf,Lesson 13 - Quiz Estructura 13-3 B Open,13,
Testing_Program\Quizzes_RTFs,L13_Quizzes_Answer_Key.rtf,Lesson 13 - Quizzes Answer Key,13,
Testing_Program\Quizzes_RTFs,L14_Quiz_Contextos_A_Closed.rtf,Lesson 14 - Quiz Contextos A Closed,14,
Testing_Program\Quizzes_RTFs,L14_Quiz_Contextos_B_Open.rtf,Lesson 14 - Quiz Contextos B Open,14,
Testing_Program\Quizzes_RTFs,L14_Quiz_Estructura_14-1_A_Closed.rtf,Lesson 14 - Quiz Estructura 14-1 A Closed,14,
Testing_Program\Quizzes_RTFs,L14_Quiz_Estructura_14-1_B_Open.rtf,Lesson 14 - Quiz Estructura 14-1 B Open,14,
Testing_Program\Quizzes_RTFs,L14_Quiz_Estructura_14-2_A_Closed.rtf,Lesson 14 - Quiz Estructura 14-2 A Closed,14,
Testing_Program\Quizzes_RTFs,L14_Quiz_Estructura_14-2_B_Open.rtf,Lesson 14 - Quiz Estructura 14-2 B Open,14,
Testing_Program\Quizzes_RTFs,L14_Quiz_Estructura_14-3_A_Closed.rtf,Lesson 14 - Quiz Estructura 14-3 A Closed,14,
Testing_Program\Quizzes_RTFs,L14_Quiz_Estructura_14-3_B_Open.rtf,Lesson 14 - Quiz Estructura 14-3 B Open,14,
Testing_Program\Quizzes_RTFs,L14_Quizzes_Answer_Key.rtf,Lesson 14 - Quizzes Answer Key,14,
Testing_Program\Quizzes_RTFs,L15_Quiz_Contextos_A_Closed.rtf,Lesson 15 - Quiz Contextos A Closed,15,
Testing_Program\Quizzes_RTFs,L15_Quiz_Contextos_B_Open.rtf,Lesson 15 - Quiz Contextos B Open,15,
Testing_Program\Quizzes_RTFs,L15_Quiz_Estructura_15-1_A_Closed.rtf,Lesson 15 - Quiz Estructura 15-1 A Closed,15,
Testing_Program\Quizzes_RTFs,L15_Quiz_Estructura_15-1_B_Open.rtf,Lesson 15 - Quiz Estructura 15-1 B Open,15,
Testing_Program\Quizzes_RTFs,L15_Quiz_Estructura_15-2_A_Closed.rtf,Lesson 15 - Quiz Estructura 15-2 A Closed,15,
Testing_Program\Quizzes_RTFs,L15_Quiz_Estructura_15-2_B_Open.rtf,Lesson 15 - Quiz Estructura 15-2 B Open,15,
Testing_Program\Quizzes_RTFs,L15_Quiz_Estructura_15-3_A_Closed.rtf,Lesson 15 - Quiz Estructura 15-3 A Closed,15,
Testing_Program\Quizzes_RTFs,L15_Quiz_Estructura_15-3_B_Open.rtf,Lesson 15 - Quiz Estructura 15-3 B Open,15,
Testing_Program\Quizzes_RTFs,L15_Quizzes_Answer_Key.rtf,Lesson 15 - Quizzes Answer Key,15,
Testing_Program\Quizzes_RTFs,L16_Quiz_Contextos_A_Closed.rtf,Lesson 16 - Quiz Contextos A Closed,16,
Testing_Program\Quizzes_RTFs,L16_Quiz_Contextos_B_Open.rtf,Lesson 16 - Quiz Contextos B Open,16,
Testing_Program\Quizzes_RTFs,L16_Quiz_Estructura_16-1_A_Closed.rtf,Lesson 16 - Quiz Estructura 16-1 A Closed,16,
Testing_Program\Quizzes_RTFs,L16_Quiz_Estructura_16-1_B_Open.rtf,Lesson 16 - Quiz Estructura 16-1 B Open,16,
Testing_Program\Quizzes_RTFs,L16_Quiz_Estructura_16-2_A_Closed.rtf,Lesson 16 - Quiz Estructura 16-2 A Closed,16,
Testing_Program\Quizzes_RTFs,L16_Quiz_Estructura_16-2_B_Open.rtf,Lesson 16 - Quiz Estructura 16-2 B Open,16,
Testing_Program\Quizzes_RTFs,L16_Quiz_Estructura_16-3_A_Closed.rtf,Lesson 16 - Quiz Estructura 16-3 A Closed,16,
Testing_Program\Quizzes_RTFs,L16_Quiz_Estructura_16-3_B_Open.rtf,Lesson 16 - Quiz Estructura 16-3 B Open,16,
Testing_Program\Quizzes_RTFs,L16_Quizzes_Answer_Key.rtf,Lesson 16 - Quizzes Answer Key,16,
Testing_Program\Quizzes_RTFs,L17_Quiz_Contextos_A_Closed.rtf,Lesson 17 - Quiz Contextos A Closed,17,
Testing_Program\Quizzes_RTFs,L17_Quiz_Contextos_B_Open.rtf,Lesson 17 - Quiz Contextos B Open,17,
Testing_Program\Quizzes_RTFs,L17_Quiz_Estructura_17-1_A_Closed.rtf,Lesson 17 - Quiz Estructura 17-1 A Closed,17,
Testing_Program\Quizzes_RTFs,L17_Quiz_Estructura_17-1_B_Open.rtf,Lesson 17 - Quiz Estructura 17-1 B Open,17,
Testing_Program\Quizzes_RTFs,L17_Quiz_Estructura_17-2_A_Closed.rtf,Lesson 17 - Quiz Estructura 17-2 A Closed,17,
Testing_Program\Quizzes_RTFs,L17_Quiz_Estructura_17-2_B_Open.rtf,Lesson 17 - Quiz Estructura 17-2 B Open,17,
Testing_Program\Quizzes_RTFs,L17_Quiz_Estructura_17-3_A_Closed.rtf,Lesson 17 - Quiz Estructura 17-3 A Closed,17,
Testing_Program\Quizzes_RTFs,L17_Quiz_Estructura_17-3_B_Open.rtf,Lesson 17 - Quiz Estructura 17-3 B Open,17,
Testing_Program\Quizzes_RTFs,L17_Quizzes_Answer_Key.rtf,Lesson 17 - Quizzes Answer Key,17,
Testing_Program\Quizzes_RTFs,L18_Quiz_Contextos_A_Closed.rtf,Lesson 18 - Quiz Contextos A Closed,18,
Testing_Program\Quizzes_RTFs,L18_Quiz_Contextos_B_Open.rtf,Lesson 18 - Quiz Contextos B Open,18,
Testing_Program\Quizzes_RTFs,L18_Quiz_Estructura_18-1_A_Closed.rtf,Lesson 18 - Quiz Estructura 18-1 A Closed,18,
Testing_Program\Quizzes_RTFs,L18_Quiz_Estructura_18-1_B_Open.rtf,Lesson 18 - Quiz Estructura 18-1 B Open,18,
Testing_Program\Quizzes_RTFs,L18_Quiz_Estructura_18-2_A_Closed.rtf,Lesson 18 - Quiz Estructura 18-2 A Closed,18,
Testing_Program\Quizzes_RTFs,L18_Quiz_Estructura_18-2_Open.rtf,Lesson 18 - Quiz Estructura 18-2 Open,18,
Testing_Program\Quizzes_RTFs,L18_Quizzes_Answer_Key.rtf,Lesson 18 - Quizzes Answer Key,18,
Testing_Program\Test_Generator_User_Guide,Test_Generator_User_Guide.pdf,Test Generator User Guide,,
Testing_Program\Testing_Audio_MP3s,L01-06_Examen_A.mp3,Lessons 1-6 - Examen A,1,6
Testing_Program\Testing_Audio_MP3s,L01-06_Examen_B.mp3,Lessons 1-6 - Examen B,1,6
Testing_Program\Testing_Audio_MP3s,L01-09_Examen_A.mp3,Lessons 1-9 - Examen A,1,9
Testing_Program\Testing_Audio_MP3s,L01-09_Examen_B.mp3,Lessons 1-9 - Examen B,1,9
Testing_Program\Testing_Audio_MP3s,L01_Prueba_A.mp3,Lesson 1 - Prueba A,1,
Testing_Program\Testing_Audio_MP3s,L01_Prueba_B.mp3,Lesson 1 - Prueba B,1,
Testing_Program\Testing_Audio_MP3s,L01_Prueba_C.mp3,Lesson 1 - Prueba C,1,
Testing_Program\Testing_Audio_MP3s,L01_Prueba_D.mp3,Lesson 1 - Prueba D,1,
Testing_Program\Testing_Audio_MP3s,L01_Prueba_E.mp3,Lesson 1 - Prueba E,1,
Testing_Program\Testing_Audio_MP3s,L01_Prueba_F.mp3,Lesson 1 - Prueba F,1,
Testing_Program\Testing_Audio_MP3s,L02_Prueba_A.mp3,Lesson 2 - Prueba A,2,
Testing_Program\Testing_Audio_MP3s,L02_Prueba_B.mp3,Lesson 2 - Prueba B,2,
Testing_Program\Testing_Audio_MP3s,L02_Prueba_C.mp3,Lesson 2 - Prueba C,2,
Testing_Program\Testing_Audio_MP3s,L02_Prueba_D.mp3,Lesson 2 - Prueba D,2,
Testing_Program\Testing_Audio_MP3s,L02_Prueba_E.mp3,Lesson 2 - Prueba E,2,
Testing_Program\Testing_Audio_MP3s,L02_Prueba_F.mp3,Lesson 2 - Prueba F,2,
Testing_Program\Testing_Audio_MP3s,L03_Prueba_A.mp3,Lesson 3 - Prueba A,3,
Testing_Program\Testing_Audio_MP3s,L03_Prueba_B.mp3,Lesson 3 - Prueba B,3,
Testing_Program\Testing_Audio_MP3s,L03_Prueba_C.mp3,Lesson 3 - Prueba C,3,
Testing_Program\Testing_Audio_MP3s,L03_Prueba_D.mp3,Lesson 3 - Prueba D,3,
Testing_Program\Testing_Audio_MP3s,L03_Prueba_E.mp3,Lesson 3 - Prueba E,3,
Testing_Program\Testing_Audio_MP3s,L03_Prueba_F.mp3,Lesson 3 - Prueba F,3,
Testing_Program\Testing_Audio_MP3s,L04_Prueba_A.mp3,Lesson 4 - Prueba A,4,
Testing_Program\Testing_Audio_MP3s,L04_Prueba_B.mp3,Lesson 4 - Prueba B,4,
Testing_Program\Testing_Audio_MP3s,L04_Prueba_C.mp3,Lesson 4 - Prueba C,4,
Testing_Program\Testing_Audio_MP3s,L04_Prueba_D.mp3,Lesson 4 - Prueba D,4,
Testing_Program\Testing_Audio_MP3s,L04_Prueba_E.mp3,Lesson 4 - Prueba E,4,
Testing_Program\Testing_Audio_MP3s,L04_Prueba_F.mp3,Lesson 4 - Prueba F,4,
Testing_Program\Testing_Audio_MP3s,L05_Prueba_A.mp3,Lesson 5 - Prueba A,5,
Testing_Program\Testing_Audio_MP3s,L05_Prueba_B.mp3,Lesson 5 - Prueba B,5,
Testing_Program\Testing_Audio_MP3s,L05_Prueba_C.mp3,Lesson 5 - Prueba C,5,
Testing_Program\Testing_Audio_MP3s,L05_Prueba_D.mp3,Lesson 5 - Prueba D,5,
Testing_Program\Testing_Audio_MP3s,L05_Prueba_E.mp3,Lesson 5 - Prueba E,5,
Testing_Program\Testing_Audio_MP3s,L05_Prueba_F.mp3,Lesson 5 - Prueba F,5,
Testing_Program\Testing_Audio_MP3s,L06_Prueba_A.mp3,Lesson 6 - Prueba A,6,
Testing_Program\Testing_Audio_MP3s,L06_Prueba_B.mp3,Lesson 6 - Prueba B,6,
Testing_Program\Testing_Audio_MP3s,L06_Prueba_C.mp3,Lesson 6 - Prueba C,6,
Testing_Program\Testing_Audio_MP3s,L06_Prueba_D.mp3,Lesson 6 - Prueba D,6,
Testing_Program\Testing_Audio_MP3s,L06_Prueba_E.mp3,Lesson 6 - Prueba E,6,
Testing_Program\Testing_Audio_MP3s,L06_Prueba_F.mp3,Lesson 6 - Prueba F,6,
Testing_Program\Testing_Audio_MP3s,L07-12_Examen_A.mp3,Lessons 7-12 - Examen A,7,12
Testing_Program\Testing_Audio_MP3s,L07-12_Examen_B.mp3,Lessons 7-12 - Examen B,7,12
Testing_Program\Testing_Audio_MP3s,L07_Prueba_A.mp3,Lesson 7 - Prueba A,7,
Testing_Program\Testing_Audio_MP3s,L07_Prueba_B.mp3,Lesson 7 - Prueba B,7,
Testing_Program\Testing_Audio_MP3s,L07_Prueba_C.mp3,Lesson 7 - Prueba C,7,
Testing_Program\Testing_Audio_MP3s,L07_Prueba_D.mp3,Lesson 7 - Prueba D,7,
Testing_Program\Testing_Audio_MP3s,L07_Prueba_E.mp3,Lesson 7 - Prueba E,7,
Testing_Program\Testing_Audio_MP3s,L07_Prueba_F.mp3,Lesson 7 - Prueba F,7,
Testing_Program\Testing_Audio_MP3s,L08_Prueba_A.mp3,Lesson 8 - Prueba A,8,
Testing_Program\Testing_Audio_MP3s,L08_Prueba_B.mp3,Lesson 8 - Prueba B,8,
Testing_Program\Testing_Audio_MP3s,L08_Prueba_C.mp3,Lesson 8 - Prueba C,8,
Testing_Program\Testing_Audio_MP3s,L08_Prueba_D.mp3,Lesson 8 - Prueba D,8,
Testing_Program\Testing_Audio_MP3s,L08_Prueba_E.mp3,Lesson 8 - Prueba E,8,
Testing_Program\Testing_Audio_MP3s,L08_Prueba_F.mp3,Lesson 8 - Prueba F,8,
Testing_Program\Testing_Audio_MP3s,L09_Prueba_A.mp3,Lesson 9 - Prueba A,9,
Testing_Program\Testing_Audio_MP3s,L09_Prueba_B.mp3,Lesson 9 - Prueba B,9,
Testing_Program\Testing_Audio_MP3s,L09_Prueba_C.mp3,Lesson 9 - Prueba C,9,
Testing_Program\Testing_Audio_MP3s,L09_Prueba_D.mp3,Lesson 9 - Prueba D,9,
Testing_Program\Testing_Audio_MP3s,L09_Prueba_E.mp3,Lesson 9 - Prueba E,9,
Testing_Program\Testing_Audio_MP3s,L09_Prueba_F.mp3,Lesson 9 - Prueba F,9,
Testing_Program\Testing_Audio_MP3s,L10-18_Examen_A.mp3,Lessons 10-18 - Examen A,10,18
Testing_Program\Testing_Audio_MP3s,L10-18_Examen_B.mp3,Lessons 10-18 - Examen B,10,18
Testing_Program\Testing_Audio_MP3s,L10_Prueba_A.mp3,Lesson 10 - Prueba A,10,
Testing_Program\Testing_Audio_MP3s,L10_Prueba_B.mp3,Lesson 10 - Prueba B,10,
Testing_Program\Testing_Audio_MP3s,L10_Prueba_C.mp3,Lesson 10 - Prueba C,10,
Testing_Program\Testing_Audio_MP3s,L10_Prueba_D.mp3,Lesson 10 - Prueba D,10,
Testing_Program\Testing_Audio_MP3s,L10_Prueba_E.mp3,Lesson 10 - Prueba E,10,
Testing_Program\Testing_Audio_MP3s,L10_Prueba_F.mp3,Lesson 10 - Prueba F,10,
Testing_Program\Testing_Audio_MP3s,L11_Prueba_A.mp3,Lesson 11 - Prueba A,11,
Testing_Program\Testing_Audio_MP3s,L11_Prueba_B.mp3,Lesson 11 - Prueba B,11,
Testing_Program\Testing_Audio_MP3s,L11_Prueba_C.mp3,Lesson 11 - Prueba C,11,
Testing_Program\Testing_Audio_MP3s,L11_Prueba_D.mp3,Lesson 11 - Prueba D,11,
Testing_Program\Testing_Audio_MP3s,L11_Prueba_E.mp3,Lesson 11 - Prueba E,11,
Testing_Program\Testing_Audio_MP3s,L11_Prueba_F.mp3,Lesson 11 - Prueba F,11,
Testing_Program\Testing_Audio_MP3s,L12_Prueba_A.mp3,Lesson 12 - Prueba A,12,
Testing_Program\Testing_Audio_MP3s,L12_Prueba_B.mp3,Lesson 12 - Prueba B,12,
Testing_Program\Testing_Audio_MP3s,L12_Prueba_C.mp3,Lesson 12 - Prueba C,12,
Testing_Program\Testing_Audio_MP3s,L12_Prueba_D.mp3,Lesson 12 - Prueba D,12,
Testing_Program\Testing_Audio_MP3s,L12_Prueba_E.mp3,Lesson 12 - Prueba E,12,
Testing_Program\Testing_Audio_MP3s,L12_Prueba_F.mp3,Lesson 12 - Prueba F,12,
Testing_Program\Testing_Audio_MP3s,L13-18_Examen_A.mp3,Lessons 13-18 - Examen A,13,18
Testing_Program\Testing_Audio_MP3s,L13-18_Examen_B.mp3,Lessons 13-18 - Examen B,13,18
Testing_Program\Testing_Audio_MP3s,L13_Prueba_A.mp3,Lesson 13 - Prueba A,13,
Testing_Program\Testing_Audio_MP3s,L13_Prueba_B.mp3,Lesson 13 - Prueba B,13,
Testing_Program\Testing_Audio_MP3s,L13_Prueba_C.mp3,Lesson 13 - Prueba C,13,
Testing_Program\Testing_Audio_MP3s,L13_Prueba_D.mp3,Lesson 13 - Prueba D,13,
Testing_Program\Testing_Audio_MP3s,L13_Prueba_E.mp3,Lesson 13 - Prueba E,13,
Testing_Program\Testing_Audio_MP3s,L13_Prueba_F.mp3,Lesson 13 - Prueba F,13,
Testing_Program\Testing_Audio_MP3s,L14_Prueba_A.mp3,Lesson 14 - Prueba A,14,
Testing_Program\Testing_Audio_MP3s,L14_Prueba_B.mp3,Lesson 14 - Prueba B,14,
Testing_Program\Testing_Audio_MP3s,L14_Prueba_C.mp3,Lesson 14 - Prueba C,14,
Testing_Program\Testing_Audio_MP3s,L14_Prueba_D.mp3,Lesson 14 - Prueba D,14,
Testing_Program\Testing_Audio_MP3s,L14_Prueba_E.mp3,Lesson 14 - Prueba E,14,
Testing_Program\Testing_Audio_MP3s,L14_Prueba_F.mp3,Lesson 14 - Prueba F,14,
Testing_Program\Testing_Audio_MP3s,L15_Prueba_A.mp3,Lesson 15 - Prueba A,15,
Testing_Program\Testing_Audio_MP3s,L15_Prueba_B.mp3,Lesson 15 - Prueba B,15,
Testing_Program\Testing_Audio_MP3s,L15_Prueba_C.mp3,Lesson 15 - Prueba C,15,
Testing_Program\Testing_Audio_MP3s,L15_Prueba_D.mp3,Lesson 15 - Prueba D,15,
Testing_Program\Testing_Audio_MP3s,L15_Prueba_E.mp3,Lesson 15 - Prueba E,15,
Testing_Program\Testing_Audio_MP3s,L15_Prueba_F.mp3,Lesson 15 - Prueba F,15,
Testing_Program\Testing_Audio_MP3s,L16_Prueba_A.mp3,Lesson 16 - Prueba A,16,
Testing_Program\Testing_Audio_MP3s,L16_Prueba_B.mp3,Lesson 16 - Prueba B,16,
Testing_Program\Testing_Audio_MP3s,L16_Prueba_C.mp3,Lesson 16 - Prueba C,16,
Testing_Program\Testing_Audio_MP3s,L16_Prueba_D.mp3,Lesson 16 - Prueba D,16,
Testing_Program\Testing_Audio_MP3s,L16_Prueba_E.mp3,Lesson 16 - Prueba E,16,
Testing_Program\Testing_Audio_MP3s,L16_Prueba_F.mp3,Lesson 16 - Prueba F,16,
Testing_Program\Testing_Audio_MP3s,L17_Prueba_A.mp3,Lesson 17 - Prueba A,17,
Testing_Program\Testing_Audio_MP3s,L17_Prueba_B.mp3,Lesson 17 - Prueba B,17,
Testing_Program\Testing_Audio_MP3s,L17_Prueba_C.mp3,Lesson 17 - Prueba C,17,
Testing_Program\Testing_Audio_MP3s,L17_Prueba_D.mp3,Lesson 17 - Prueba D,17,
Testing_Program\Testing_Audio_MP3s,L17_Prueba_E.mp3,Lesson 17 - Prueba E,17,
Testing_Program\Testing_Audio_MP3s,L17_Prueba_F.mp3,Lesson 17 - Prueba F,17,
Testing_Program\Testing_Audio_MP3s,L18_Prueba_A.mp3,Lesson 18 - Prueba A,18,
Testing_Program\Testing_Audio_MP3s,L18_Prueba_B.mp3,Lesson 18 - Prueba B,18,
Testing_Program\Testing_Audio_MP3s,L18_Prueba_C.mp3,Lesson 18 - Prueba C,18,
Testing_Program\Testing_Audio_MP3s,L18_Prueba_D.mp3,Lesson 18 - Prueba D,18,
Testing_Program\Testing_Audio_MP3s,L18_Prueba_E.mp3,Lesson 18 - Prueba E,18,
Testing_Program\Testing_Audio_MP3s,L18_Prueba_F.mp3,Lesson 18 - Prueba F,18,
Testing_Program\Tests,L01_Test_A.pdf,Lesson 1 - Test A,1,
Testing_Program\Tests,L01_Test_B.pdf,Lesson 1 - Test B,1,
Testing_Program\Tests,L01_Test_C.pdf,Lesson 1 - Test C,1,
Testing_Program\Tests,L01_Test_D.pdf,Lesson 1 - Test D,1,
Testing_Program\Tests,L01_Test_E.pdf,Lesson 1 - Test E,1,
Testing_Program\Tests,L01_Test_F.pdf,Lesson 1 - Test F,1,
Testing_Program\Tests,L02_Test_A.pdf,Lesson 2 - Test A,2,
Testing_Program\Tests,L02_Test_B.pdf,Lesson 2 - Test B,2,
Testing_Program\Tests,L02_Test_C.pdf,Lesson 2 - Test C,2,
Testing_Program\Tests,L02_Test_D.pdf,Lesson 2 - Test D,2,
Testing_Program\Tests,L02_Test_E.pdf,Lesson 2 - Test E,2,
Testing_Program\Tests,L02_Test_F.pdf,Lesson 2 - Test F,2,
Testing_Program\Tests,L03_Test_A.pdf,Lesson 3 - Test A,3,
Testing_Program\Tests,L03_Test_B.pdf,Lesson 3 - Test B,3,
Testing_Program\Tests,L03_Test_C.pdf,Lesson 3 - Test C,3,
Testing_Program\Tests,L03_Test_D.pdf,Lesson 3 - Test D,3,
Testing_Program\Tests,L03_Test_E.pdf,Lesson 3 - Test E,3,
Testing_Program\Tests,L03_Test_F.pdf,Lesson 3 - Test F,3,
Testing_Program\Tests,L04_Test_A.pdf,Lesson 4 - Test A,4,
Testing_Program\Tests,L04_Test_B.pdf,Lesson 4 - Test B,4,
Testing_Program\Tests,L04_Test_C.pdf,Lesson 4 - Test C,4,
Testing_Program\Tests,L04_Test_D.pdf,Lesson 4 - Test D,4,
Testing_Program\Tests,L04_Test_E.pdf,Lesson 4 - Test E,4,
Testing_Program\Tests,L04_Test_F.pdf,Lesson 4 - Test F,4,
Testing_Program\Tests,L05_Test_A.pdf,Lesson 5 - Test A,5,
Testing_Program\Tests,L05_Test_B.pdf,Lesson 5 - Test B,5,
Testing_Program\Tests,L05_Test_C.pdf,Lesson 5 - Test C,5,
Testing_Program\Tests,L05_Test_D.pdf,Lesson 5 - Test D,5,
Testing_Program\Tests,L05_Test_E.pdf,Lesson 5 - Test E,5,
Testing_Program\Tests,L05_Test_F.pdf,Lesson 5 - Test F,5,
Testing_Program\Tests,L06_Test_A.pdf,Lesson 6 - Test A,6,
Testing_Program\Tests,L06_Test_B.pdf,Lesson 6 - Test B,6,
Testing_Program\Tests,L06_Test_C.pdf,Lesson 6 - Test C,6,
Testing_Program\Tests,L06_Test_D.pdf,Lesson 6 - Test D,6,
Testing_Program\Tests,L06_Test_E.pdf,Lesson 6 - Test E,6,
Testing_Program\Tests,L06_Test_F.pdf,Lesson 6 - Test F,6,
Testing_Program\Tests,L07_Test_A.pdf,Lesson 7 - Test A,7,
Testing_Program\Tests,L07_Test_B.pdf,Lesson 7 - Test B,7,
Testing_Program\Tests,L07_Test_C.pdf,Lesson 7 - Test C,7,
Testing_Program\Tests,L07_Test_D.pdf,Lesson 7 - Test D,7,
Testing_Program\Tests,L07_Test_E.pdf,Lesson 7 - Test E,7,
Testing_Program\Tests,L07_Test_F.pdf,Lesson 7 - Test F,7,
Testing_Program\Tests,L08_Test_A.pdf,Lesson 8 - Test A,8,
Testing_Program\Tests,L08_Test_B.pdf,Lesson 8 - Test B,8,
Testing_Program\Tests,L08_Test_C.pdf,Lesson 8 - Test C,8,
Testing_Program\Tests,L08_Test_D.pdf,Lesson 8 - Test D,8,
Testing_Program\Tests,L08_Test_E.pdf,Lesson 8 - Test E,8,
Testing_Program\Tests,L08_Test_F.pdf,Lesson 8 - Test F,8,
Testing_Program\Tests,L09_Test_A.pdf,Lesson 9 - Test A,9,
Testing_Program\Tests,L09_Test_B.pdf,Lesson 9 - Test B,9,
Testing_Program\Tests,L09_Test_C.pdf,Lesson 9 - Test C,9,
Testing_Program\Tests,L09_Test_D.pdf,Lesson 9 - Test D,9,
Testing_Program\Tests,L09_Test_E.pdf,Lesson 9 - Test E,9,
Testing_Program\Tests,L09_Test_F.pdf,Lesson 9 - Test F,9,
Testing_Program\Tests,L10_Test_A.pdf,Lesson 10 - Test A,10,
Testing_Program\Tests,L10_Test_B.pdf,Lesson 10 - Test B,10,
Testing_Program\Tests,L10_Test_C.pdf,Lesson 10 - Test C,10,
Testing_Program\Tests,L10_Test_D.pdf,Lesson 10 - Test D,10,
Testing_Program\Tests,L10_Test_E.pdf,Lesson 10 - Test E,10,
Testing_Program\Tests,L10_Test_F.pdf,Lesson 10 - Test F,10,
Testing_Program\Tests,L11_Test_A.pdf,Lesson 11 - Test A,11,
Testing_Program\Tests,L11_Test_B.pdf,Lesson 11 - Test B,11,
Testing_Program\Tests,L11_Test_C.pdf,Lesson 11 - Test C,11,
Testing_Program\Tests,L11_Test_D.pdf,Lesson 11 - Test D,11,
Testing_Program\Tests,L11_Test_E.pdf,Lesson 11 - Test E,11,
Testing_Program\Tests,L11_Test_F.pdf,Lesson 11 - Test F,11,
Testing_Program\Tests,L12_Test_A.pdf,Lesson 12 - Test A,12,
Testing_Program\Tests,L12_Test_B.pdf,Lesson 12 - Test B,12,
Testing_Program\Tests,L12_Test_C.pdf,Lesson 12 - Test C,12,
Testing_Program\Tests,L12_Test_D.pdf,Lesson 12 - Test D,12,
Testing_Program\Tests,L12_Test_E.pdf,Lesson 12 - Test E,12,
Testing_Program\Tests,L12_Test_F.pdf,Lesson 12 - Test F,12,
Testing_Program\Tests,L13_Test_A.pdf,Lesson 13 - Test A,13,
Testing_Program\Tests,L13_Test_B.pdf,Lesson 13 - Test B,13,
Testing_Program\Tests,L13_Test_C.pdf,Lesson 13 - Test C,13,
Testing_Program\Tests,L13_Test_D.pdf,Lesson 13 - Test D,13,
Testing_Program\Tests,L13_Test_E.pdf,Lesson 13 - Test E,13,
Testing_Program\Tests,L13_Test_F.pdf,Lesson 13 - Test F,13,
Testing_Program\Tests,L14_Test_A.pdf,Lesson 14 - Test A,14,
Testing_Program\Tests,L14_Test_B.pdf,Lesson 14 - Test B,14,
Testing_Program\Tests,L14_Test_C.pdf,Lesson 14 - Test C,14,
Testing_Program\Tests,L14_Test_D.pdf,Lesson 14 - Test D,14,
Testing_Program\Tests,L14_Test_E.pdf,Lesson 14 - Test E,14,
Testing_Program\Tests,L14_Test_F.pdf,Lesson 14 - Test F,14,
Testing_Program\Tests,L15_Test_A.pdf,Lesson 15 - Test A,15,
Testing_Program\Tests,L15_Test_B.pdf,Lesson 15 - Test B,15,
Testing_Program\Tests,L15_Test_C.pdf,Lesson 15 - Test C,15,
Testing_Program\Tests,L15_Test_D.pdf,Lesson 15 - Test D,15,
Testing_Program\Tests,L15_Test_E.pdf,Lesson 15 - Test E,15,
Testing_Program\Tests,L15_Test_F.pdf,Lesson 15 - Test F,15,
Testing_Program\Tests,L16_Test_A.pdf,Lesson 16 - Test A,16,
Testing_Program\Tests,L16_Test_B.pdf,Lesson 16 - Test B,16,
Testing_Program\Tests,L16_Test_C.pdf,Lesson 16 - Test C,16,
Testing_Program\Tests,L16_Test_D.pdf,Lesson 16 - Test D,16,
Testing_Program\Tests,L16_Test_E.pdf,Lesson 16 - Test E,16,
Testing_Program\Tests,L16_Test_F.pdf,Lesson 16 - Test F,16,
Testing_Program\Tests,L17_Test_A.pdf,Lesson 17 - Test A,17,
Testing_Program\Tests,L17_Test_B.pdf,Lesson 17 - Test B,17,
Testing_Program\Tests,L17_Test_C.pdf,Lesson 17 - Test C,17,
Testing_Program\Tests,L17_Test_D.pdf,Lesson 17 - Test D,17,
Testing_Program\Tests,L17_Test_E.pdf,Lesson 17 - Test E,17,
Testing_Program\Tests,L17_Test_F.pdf,Lesson 17 - Test F,17,
Testing_Program\Tests,L18_Test_A.pdf,Lesson 18 - Test A,18,
Testing_Program\Tests,L18_Test_B.pdf,Lesson 18 - Test B,18,
Testing_Program\Tests,L18_Test_C.pdf,Lesson 18 - Test C,18,
Testing_Program\Tests,L18_Test_D.pdf,Lesson 18 - Test D,18,
Testing_Program\Tests,L18_Test_E.pdf,Lesson 18 - Test E,18,
Testing_Program\Tests,L18_Test_F.pdf,Lesson 18 - Test F,18,
Testing_Program\Tests_RTFs,L01_Test_A.rtf,Lesson 1 - Test A,1,
Testing_Program\Tests_RTFs,L01_Test_B.rtf,Lesson 1 - Test B,1,
Testing_Program\Tests_RTFs,L01_Test_C.rtf,Lesson 1 - Test C,1,
Testing_Program\Tests_RTFs,L01_Test_D.rtf,Lesson 1 - Test D,1,
Testing_Program\Tests_RTFs,L01_Test_E.rtf,Lesson 1 - Test E,1,
Testing_Program\Tests_RTFs,L01_Test_F.rtf,Lesson 1 - Test F,1,
Testing_Program\Tests_RTFs,L02_Test_A.rtf,Lesson 2 - Test A,2,
Testing_Program\Tests_RTFs,L02_Test_B.rtf,Lesson 2 - Test B,2,
Testing_Program\Tests_RTFs,L02_Test_C.rtf,Lesson 2 - Test C,2,
Testing_Program\Tests_RTFs,L02_Test_D.rtf,Lesson 2 - Test D,2,
Testing_Program\Tests_RTFs,L02_Test_E.rtf,Lesson 2 - Test E,2,
Testing_Program\Tests_RTFs,L02_Test_F.rtf,Lesson 2 - Test F,2,
Testing_Program\Tests_RTFs,L03_Test_A.rtf,Lesson 3 - Test A,3,
Testing_Program\Tests_RTFs,L03_Test_B.rtf,Lesson 3 - Test B,3,
Testing_Program\Tests_RTFs,L03_Test_C.rtf,Lesson 3 - Test C,3,
Testing_Program\Tests_RTFs,L03_Test_D.rtf,Lesson 3 - Test D,3,
Testing_Program\Tests_RTFs,L03_Test_E.rtf,Lesson 3 - Test E,3,
Testing_Program\Tests_RTFs,L03_Test_F.rtf,Lesson 3 - Test F,3,
Testing_Program\Tests_RTFs,L04_Test_A.rtf,Lesson 4 - Test A,4,
Testing_Program\Tests_RTFs,L04_Test_B.rtf,Lesson 4 - Test B,4,
Testing_Program\Tests_RTFs,L04_Test_C.rtf,Lesson 4 - Test C,4,
Testing_Program\Tests_RTFs,L04_Test_D.rtf,Lesson 4 - Test D,4,
Testing_Program\Tests_RTFs,L04_Test_E.rtf,Lesson 4 - Test E,4,
Testing_Program\Tests_RTFs,L04_Test_F.rtf,Lesson 4 - Test F,4,
Testing_Program\Tests_RTFs,L05_Test_A.rtf,Lesson 5 - Test A,5,
Testing_Program\Tests_RTFs,L05_Test_B.rtf,Lesson 5 - Test B,5,
Testing_Program\Tests_RTFs,L05_Test_C.rtf,Lesson 5 - Test C,5,
Testing_Program\Tests_RTFs,L05_Test_D.rtf,Lesson 5 - Test D,5,
Testing_Program\Tests_RTFs,L05_Test_E.rtf,Lesson 5 - Test E,5,
Testing_Program\Tests_RTFs,L05_Test_F.rtf,Lesson 5 - Test F,5,
Testing_Program\Tests_RTFs,L06_Test_A.rtf,Lesson 6 - Test A,6,
Testing_Program\Tests_RTFs,L06_Test_B.rtf,Lesson 6 - Test B,6,
Testing_Program\Tests_RTFs,L06_Test_C.rtf,Lesson 6 - Test C,6,
Testing_Program\Tests_RTFs,L06_Test_D.rtf,Lesson 6 - Test D,6,
Testing_Program\Tests_RTFs,L06_Test_E.rtf,Lesson 6 - Test E,6,
Testing_Program\Tests_RTFs,L06_Test_F.rtf,Lesson 6 - Test F,6,
Testing_Program\Tests_RTFs,L07_Test_A.rtf,Lesson 7 - Test A,7,
Testing_Program\Tests_RTFs,L07_Test_B.rtf,Lesson 7 - Test B,7,
Testing_Program\Tests_RTFs,L07_Test_C.rtf,Lesson 7 - Test C,7,
Testing_Program\Tests_RTFs,L07_Test_D.rtf,Lesson 7 - Test D,7,
Testing_Program\Tests_RTFs,L07_Test_E.rtf,Lesson 7 - Test E,7,
Testing_Program\Tests_RTFs,L07_Test_F.rtf,Lesson 7 - Test F,7,
Testing_Program\Tests_RTFs,L08_Test_A.rtf,Lesson 8 - Test A,8,
Testing_Program\Tests_RTFs,L08_Test_B.rtf,Lesson 8 - Test B,8,
Testing_Program\Tests_RTFs,L08_Test_C.rtf,Lesson 8 - Test C,8,
Testing_Program\Tests_RTFs,L08_Test_D.rtf,Lesson 8 - Test D,8,
Testing_Program\Tests_RTFs,L08_Test_E.rtf,Lesson 8 - Test E,8,
Testing_Program\Tests_RTFs,L08_Test_F.rtf,Lesson 8 - Test F,8,
Testing_Program\Tests_RTFs,L09_Test_A.rtf,Lesson 9 - Test A,9,
Testing_Program\Tests_RTFs,L09_Test_B.rtf,Lesson 9 - Test B,9,
Testing_Program\Tests_RTFs,L09_Test_C.rtf,Lesson 9 - Test C,9,
Testing_Program\Tests_RTFs,L09_Test_D.rtf,Lesson 9 - Test D,9,
Testing_Program\Tests_RTFs,L09_Test_E.rtf,Lesson 9 - Test E,9,
Testing_Program\Tests_RTFs,L09_Test_F.rtf,Lesson 9 - Test F,9,
Testing_Program\Tests_RTFs,L10_Test_A.rtf,Lesson 10 - Test A,10,
Testing_Program\Tests_RTFs,L10_Test_B.rtf,Lesson 10 - Test B,10,
Testing_Program\Tests_RTFs,L10_Test_C.rtf,Lesson 10 - Test C,10,
Testing_Program\Tests_RTFs,L10_Test_D.rtf,Lesson 10 - Test D,10,
Testing_Program\Tests_RTFs,L10_Test_E.rtf,Lesson 10 - Test E,10,
Testing_Program\Tests_RTFs,L10_Test_F.rtf,Lesson 10 - Test F,10,
Testing_Program\Tests_RTFs,L11_Test_A.rtf,Lesson 11 - Test A,11,
Testing_Program\Tests_RTFs,L11_Test_B.rtf,Lesson 11 - Test B,11,
Testing_Program\Tests_RTFs,L11_Test_C.rtf,Lesson 11 - Test C,11,
Testing_Program\Tests_RTFs,L11_Test_D.rtf,Lesson 11 - Test D,11,
Testing_Program\Tests_RTFs,L11_Test_E.rtf,Lesson 11 - Test E,11,
Testing_Program\Tests_RTFs,L11_Test_F.rtf,Lesson 11 - Test F,11,
Testing_Program\Tests_RTFs,L12_Test_A.rtf,Lesson 12 - Test A,12,
Testing_Program\Tests_RTFs,L12_Test_B.rtf,Lesson 12 - Test B,12,
Testing_Program\Tests_RTFs,L12_Test_C.rtf,Lesson 12 - Test C,12,
Testing_Program\Tests_RTFs,L12_Test_D.rtf,Lesson 12 - Test D,12,
Testing_Program\Tests_RTFs,L12_Test_E.rtf,Lesson 12 - Test E,12,
Testing_Program\Tests_RTFs,L12_Test_F.rtf,Lesson 12 - Test F,12,
Testing_Program\Tests_RTFs,L13_Test_A.rtf,Lesson 13 - Test A,13,
Testing_Program\Tests_RTFs,L13_Test_B.rtf,Lesson 13 - Test B,13,
Testing_Program\Tests_RTFs,L13_Test_C.rtf,Lesson 13 - Test C,13,
Testing_Program\Tests_RTFs,L13_Test_D.rtf,Lesson 13 - Test D,13,
Testing_Program\Tests_RTFs,L13_Test_E.rtf,Lesson 13 - Test E,13,
Testing_Program\Tests_RTFs,L13_Test_F.rtf,Lesson 13 - Test F,13,
Testing_Program\Tests_RTFs,L14_Test_A.rtf,Lesson 14 - Test A,14,
Testing_Program\Tests_RTFs,L14_Test_B.rtf,Lesson 14 - Test B,14,
Testing_Program\Tests_RTFs,L14_Test_C.rtf,Lesson 14 - Test C,14,
Testing_Program\Tests_RTFs,L14_Test_D.rtf,Lesson 14 - Test D,14,
Testing_Program\Tests_RTFs,L14_Test_E.rtf,Lesson 14 - Test E,14,
Testing_Program\Tests_RTFs,L14_Test_F.rtf,Lesson 14 - Test F,14,
Testing_Program\Tests_RTFs,L15_Test_A.rtf,Lesson 15 - Test A,15,
Testing_Program\Tests_RTFs,L15_Test_B.rtf,Lesson 15 - Test B,15,
Testing_Program\Tests_RTFs,L15_Test_C.rtf,Lesson 15 - Test C,15,
Testing_Program\Tests_RTFs,L15_Test_D.rtf,Lesson 15 - Test D,15,
Testing_Program\Tests_RTFs,L15_Test_E.rtf,Lesson 15 - Test E,15,
Testing_Program\Tests_RTFs,L15_Test_F.rtf,Lesson 15 - Test F,15,
Testing_Program\Tests_RTFs,L16_Test_A.rtf,Lesson 16 - Test A,16,
Testing_Program\Tests_RTFs,L16_Test_B.rtf,Lesson 16 - Test B,16,
Testing_Program\Tests_RTFs,L16_Test_C.rtf,Lesson 16 - Test C,16,
Testing_Program\Tests_RTFs,L16_Test_D.rtf,Lesson 16 - Test D,16,
Testing_Program\Tests_RTFs,L16_Test_E.rtf,Lesson 16 - Test E,16,
Testing_Program\Tests_RTFs,L16_Test_F.rtf,Lesson 16 - Test F,16,
Testing_Program\Tests_RTFs,L17_Test_A.rtf,Lesson 17 - Test A,17,
Testing_Program\Tests_RTFs,L17_Test_B.rtf,Lesson 17 - Test B,17,
Testing_Program\Tests_RTFs,L17_Test_C.rtf,Lesson 17 - Test C,17,
Testing_Program\Tests_RTFs,L17_Test_D.rtf,Lesson 17 - Test D,17,
Testing_Program\Tests_RTFs,L17_Test_E.rtf,Lesson 17 - Test E,17,
Testing_Program\Tests_RTFs,L17_Test_F.rtf,Lesson 17 - Test F,17,
Testing_Program\Tests_RTFs,L18_Test_A.rtf,Lesson 18 - Test A,18,
Testing_Program\Tests_RTFs,L18_Test_B.rtf,Lesson 18 - Test B,18,
Testing_Program\Tests_RTFs,L18_Test_C.rtf,Lesson 18 - Test C,18,
Testing_Program\Tests_RTFs,L18_Test_D.rtf,Lesson 18 - Test D,18,
Testing_Program\Tests_RTFs,L18_Test_E.rtf,Lesson 18 - Test E,18,
Testing_Program\Tests_RTFs,L18_Test_F.rtf,Lesson 18 - Test F,18,
Videoscripts,En_pantalla_Videoscript_and_Translation.pdf,En pantalla Videoscript and Translation,,
Videoscripts,Flash_cultura_Translation.pdf,Flash cultura Translation,,
Videoscripts,Flash_cultura_Videoscript.pdf,Flash cultura Videoscript,,
Videoscripts,Fotonovela_Translation.pdf,Fotonovela Translation,,
Videoscripts,Fotonovela_Videoscript.pdf,Fotonovela Videoscript,,
Videoscripts,Panorama_cultural_Videoscript_and_Translation.pdf,Panorama cultural Videoscript and Translation,,
Vocabulario_adicional,Vocabulario_adicional.pdf,Vocabulario adicional,,
